,time,gid,lid,kind,population,type
0,1.0,15,0,2,bkg,100
1,1.25,15,0,2,bkg,100
2,1.5,15,0,2,bkg,100
3,2.5,15,0,2,bkg,100
4,2.75,15,0,2,bkg,100
5,3.5,15,0,2,bkg,100
6,4.5,15,0,2,bkg,100
7,4.75,15,0,2,bkg,100
8,5.5,15,0,2,bkg,100
9,6.75,15,0,2,bkg,100
10,7.499706237323024,1,0,0,v1,475622793
11,8.0,15,0,2,bkg,100
12,8.25,15,0,2,bkg,100
13,8.5,15,0,2,bkg,100
14,9.0,15,0,2,bkg,100
15,9.5,15,0,2,bkg,100
16,10.0,15,0,2,bkg,100
17,11.25,15,0,2,bkg,100
18,11.5,15,0,2,bkg,100
19,11.643869836999329,0,0,0,v1,478107198
20,11.75,15,0,2,bkg,100
21,14.098149842610578,1,0,0,v1,475622793
22,16.25,15,0,2,bkg,100
23,17.0,15,0,2,bkg,100
24,17.5,15,0,2,bkg,100
25,17.75,15,0,2,bkg,100
26,18.25,15,0,2,bkg,100
27,19.75,15,0,2,bkg,100
28,21.0,15,0,2,bkg,100
29,22.75,15,0,2,bkg,100
30,23.0,15,0,2,bkg,100
31,23.75,15,0,2,bkg,100
32,25.75,15,0,2,bkg,100
33,26.25,15,0,2,bkg,100
34,27.0,15,0,2,bkg,100
35,28.75,15,0,2,bkg,100
36,29.5,15,0,2,bkg,100
37,29.75,15,0,2,bkg,100
38,31.75,15,0,2,bkg,100
39,32.5,15,0,2,bkg,100
40,32.75,15,0,2,bkg,100
41,33.75,15,0,2,bkg,100
42,37.25,15,0,2,bkg,100
43,37.5,15,0,2,bkg,100
44,38.0,15,0,2,bkg,100
45,38.25,15,0,2,bkg,100
46,38.75,15,0,2,bkg,100
47,39.0,15,0,2,bkg,100
48,41.0,15,0,2,bkg,100
49,41.46785262237807,1,0,0,v1,475622793
50,41.5,15,0,2,bkg,100
51,41.5516980430133,0,0,0,v1,478107198
52,42.25,15,0,2,bkg,100
53,43.25,15,0,2,bkg,100
54,44.5,15,0,2,bkg,100
55,45.75,15,0,2,bkg,100
56,46.25,15,0,2,bkg,100
57,47.25,15,0,2,bkg,100
58,48.0,15,0,2,bkg,100
59,48.5,15,0,2,bkg,100
60,50.0,15,0,2,bkg,100
61,50.25,15,0,2,bkg,100
62,52.75,15,0,2,bkg,100
63,53.25,15,0,2,bkg,100
64,55.0,15,0,2,bkg,100
65,58.5,15,0,2,bkg,100
66,61.25,15,0,2,bkg,100
67,62.25,15,0,2,bkg,100
68,65.5,15,0,2,bkg,100
69,66.0,15,0,2,bkg,100
70,66.5,15,0,2,bkg,100
71,67.25,15,0,2,bkg,100
72,68.5,15,0,2,bkg,100
73,70.25,15,0,2,bkg,100
74,72.25,15,0,2,bkg,100
75,73.0,15,0,2,bkg,100
76,73.75,15,0,2,bkg,100
77,74.25,15,0,2,bkg,100
78,76.0,15,0,2,bkg,100
79,76.5,15,0,2,bkg,100
80,77.25,15,0,2,bkg,100
81,77.75,15,0,2,bkg,100
82,79.25,15,0,2,bkg,100
83,79.5,15,0,2,bkg,100
84,80.5,15,0,2,bkg,100
85,81.5,15,0,2,bkg,100
86,83.0,15,0,2,bkg,100
87,83.53689436495786,1,0,0,v1,475622793
88,86.25,15,0,2,bkg,100
89,88.25,15,0,2,bkg,100
90,89.0,15,0,2,bkg,100
91,89.25,15,0,2,bkg,100
92,89.75,15,0,2,bkg,100
93,90.5,15,0,2,bkg,100
94,91.25,15,0,2,bkg,100
95,91.5,15,0,2,bkg,100
96,92.25,15,0,2,bkg,100
97,93.25,15,0,2,bkg,100
98,94.26600654680053,0,0,0,v1,478107198
99,96.0,15,0,2,bkg,100
100,97.0,15,0,2,bkg,100
101,99.25,15,0,2,bkg,100
102,100.75,15,0,2,bkg,100
103,101.0,15,0,2,bkg,100
104,104.0,15,0,2,bkg,100
105,105.0,15,0,2,bkg,100
106,106.25,15,0,2,bkg,100
107,106.5,15,0,2,bkg,100
108,107.5,15,0,2,bkg,100
109,109.25,15,0,2,bkg,100
110,110.0,15,0,2,bkg,100
111,110.75,15,0,2,bkg,100
112,111.25,15,0,2,bkg,100
113,111.5,15,0,2,bkg,100
114,111.75,15,0,2,bkg,100
115,112.25,15,0,2,bkg,100
116,113.0,15,0,2,bkg,100
117,114.22332133466317,1,0,0,v1,475622793
118,115.0,15,0,2,bkg,100
119,116.75,15,0,2,bkg,100
120,118.0,15,0,2,bkg,100
121,118.5,15,0,2,bkg,100
122,119.25,15,0,2,bkg,100
123,120.25,15,0,2,bkg,100
124,121.5,15,0,2,bkg,100
125,122.25,15,0,2,bkg,100
126,122.75,15,0,2,bkg,100
127,123.25,15,0,2,bkg,100
128,123.5,15,0,2,bkg,100
129,124.25,15,0,2,bkg,100
130,124.5,15,0,2,bkg,100
131,125.25,15,0,2,bkg,100
132,125.75,15,0,2,bkg,100
133,126.25,15,0,2,bkg,100
134,127.0,15,0,2,bkg,100
135,127.5,15,0,2,bkg,100
136,127.50120442306734,0,0,0,v1,478107198
137,127.6102127850831,1,0,0,v1,475622793
138,128.0,15,0,2,bkg,100
139,128.25,15,0,2,bkg,100
140,129.5,15,0,2,bkg,100
141,129.75,15,0,2,bkg,100
142,130.25,15,0,2,bkg,100
143,131.25,15,0,2,bkg,100
144,134.25,15,0,2,bkg,100
145,136.25,15,0,2,bkg,100
146,136.5,15,0,2,bkg,100
147,137.5,15,0,2,bkg,100
148,137.75,15,0,2,bkg,100
149,138.5,15,0,2,bkg,100
150,139.75,15,0,2,bkg,100
151,140.0,15,0,2,bkg,100
152,140.75,15,0,2,bkg,100
153,141.5,15,0,2,bkg,100
154,143.25,15,0,2,bkg,100
155,144.75,15,0,2,bkg,100
156,145.0,15,0,2,bkg,100
157,145.75,15,0,2,bkg,100
158,147.25,15,0,2,bkg,100
159,149.0,15,0,2,bkg,100
160,150.25,15,0,2,bkg,100
161,150.5,15,0,2,bkg,100
162,152.5,15,0,2,bkg,100
163,153.0,15,0,2,bkg,100
164,153.25,15,0,2,bkg,100
165,154.5,15,0,2,bkg,100
166,155.5,15,0,2,bkg,100
167,156.0,15,0,2,bkg,100
168,157.5,15,0,2,bkg,100
169,158.5,15,0,2,bkg,100
170,159.75,15,0,2,bkg,100
171,162.75,15,0,2,bkg,100
172,163.5,15,0,2,bkg,100
173,165.5,15,0,2,bkg,100
174,167.0,15,0,2,bkg,100
175,169.5,15,0,2,bkg,100
176,170.5,15,0,2,bkg,100
177,170.75,15,0,2,bkg,100
178,171.0,15,0,2,bkg,100
179,172.5,15,0,2,bkg,100
180,176.0,15,0,2,bkg,100
181,176.5,15,0,2,bkg,100
182,177.75,15,0,2,bkg,100
183,179.75,15,0,2,bkg,100
184,180.25,15,0,2,bkg,100
185,181.0,15,0,2,bkg,100
186,181.5,15,0,2,bkg,100
187,181.75,15,0,2,bkg,100
188,182.5,15,0,2,bkg,100
189,183.0,15,0,2,bkg,100
190,183.25,15,0,2,bkg,100
191,183.75,15,0,2,bkg,100
192,184.25,15,0,2,bkg,100
193,184.75,15,0,2,bkg,100
194,185.54160688683942,1,0,0,v1,475622793
195,185.75,15,0,2,bkg,100
196,186.16604246612619,0,0,0,v1,478107198
197,187.5,15,0,2,bkg,100
198,188.75,15,0,2,bkg,100
199,191.0,15,0,2,bkg,100
200,193.75,15,0,2,bkg,100
201,194.0,15,0,2,bkg,100
202,194.75,15,0,2,bkg,100
203,195.25,15,0,2,bkg,100
204,196.0,15,0,2,bkg,100
205,197.25,15,0,2,bkg,100
206,197.75,15,0,2,bkg,100
207,198.0,15,0,2,bkg,100
208,199.0,15,0,2,bkg,100
209,200.0,15,0,2,bkg,100
210,201.25,15,0,2,bkg,100
211,203.0,15,0,2,bkg,100
212,205.5,15,0,2,bkg,100
213,205.75,15,0,2,bkg,100
214,206.25,15,0,2,bkg,100
215,206.5,15,0,2,bkg,100
216,207.0,15,0,2,bkg,100
217,209.5,15,0,2,bkg,100
218,209.75,15,0,2,bkg,100
219,210.25,15,0,2,bkg,100
220,212.5,15,0,2,bkg,100
221,213.0,15,0,2,bkg,100
222,216.0,15,0,2,bkg,100
223,216.75,15,0,2,bkg,100
224,217.0,15,0,2,bkg,100
225,219.0,15,0,2,bkg,100
226,220.5,15,0,2,bkg,100
227,220.75,15,0,2,bkg,100
228,221.5,15,0,2,bkg,100
229,224.5,15,0,2,bkg,100
230,225.5,15,0,2,bkg,100
231,225.75,15,0,2,bkg,100
232,226.0,15,0,2,bkg,100
233,226.25,15,0,2,bkg,100
234,226.5,15,0,2,bkg,100
235,227.75,15,0,2,bkg,100
236,228.0,15,0,2,bkg,100
237,229.22743989642044,1,0,0,v1,475622793
238,229.25,15,0,2,bkg,100
239,230.5,15,0,2,bkg,100
240,231.9268222430774,0,0,0,v1,478107198
241,232.0,15,0,2,bkg,100
242,233.5,15,0,2,bkg,100
243,233.75,15,0,2,bkg,100
244,234.25,15,0,2,bkg,100
245,235.0,15,0,2,bkg,100
246,236.0,15,0,2,bkg,100
247,236.5,15,0,2,bkg,100
248,236.75,15,0,2,bkg,100
249,237.0,15,0,2,bkg,100
250,237.25,15,0,2,bkg,100
251,237.5,15,0,2,bkg,100
252,237.75,15,0,2,bkg,100
253,238.5,15,0,2,bkg,100
254,239.75,15,0,2,bkg,100
255,239.80099100775047,1,0,0,v1,475622793
256,240.0,15,0,2,bkg,100
257,240.25,15,0,2,bkg,100
258,240.5,15,0,2,bkg,100
259,240.75,15,0,2,bkg,100
260,241.0,15,0,2,bkg,100
261,241.5,15,0,2,bkg,100
262,242.25,15,0,2,bkg,100
263,242.75,15,0,2,bkg,100
264,242.9183566228942,0,0,0,v1,478107198
265,247.0,15,0,2,bkg,100
266,247.75,15,0,2,bkg,100
267,248.0,15,0,2,bkg,100
268,249.25,15,0,2,bkg,100
269,250.0,15,0,2,bkg,100
270,250.25,15,0,2,bkg,100
271,253.25,15,0,2,bkg,100
272,255.0,15,0,2,bkg,100
273,255.75,15,0,2,bkg,100
274,257.25,15,0,2,bkg,100
275,258.0,15,0,2,bkg,100
276,261.25,15,0,2,bkg,100
277,262.0,15,0,2,bkg,100
278,262.5,15,0,2,bkg,100
279,263.75,15,0,2,bkg,100
280,265.5,15,0,2,bkg,100
281,265.75,15,0,2,bkg,100
282,267.5,15,0,2,bkg,100
283,269.0,15,0,2,bkg,100
284,270.5,15,0,2,bkg,100
285,271.25,15,0,2,bkg,100
286,271.75,15,0,2,bkg,100
287,272.0,15,0,2,bkg,100
288,272.5,15,0,2,bkg,100
289,273.0,15,0,2,bkg,100
290,273.5,15,0,2,bkg,100
291,274.25,15,0,2,bkg,100
292,274.5,15,0,2,bkg,100
293,275.25,15,0,2,bkg,100
294,275.75,15,0,2,bkg,100
295,277.25,15,0,2,bkg,100
296,280.25,15,0,2,bkg,100
297,280.5,15,0,2,bkg,100
298,281.25,15,0,2,bkg,100
299,283.0,15,0,2,bkg,100
300,283.25,15,0,2,bkg,100
301,284.25,15,0,2,bkg,100
302,285.0,15,0,2,bkg,100
303,286.75,15,0,2,bkg,100
304,287.25,15,0,2,bkg,100
305,287.5,15,0,2,bkg,100
306,287.75,15,0,2,bkg,100
307,288.0,15,0,2,bkg,100
308,290.0,15,0,2,bkg,100
309,292.5,15,0,2,bkg,100
310,293.5,15,0,2,bkg,100
311,294.25,15,0,2,bkg,100
312,294.5,15,0,2,bkg,100
313,294.75,15,0,2,bkg,100
314,296.25,15,0,2,bkg,100
315,296.75,15,0,2,bkg,100
316,298.75,15,0,2,bkg,100
317,299.75,15,0,2,bkg,100
318,302.75,15,0,2,bkg,100
319,303.5,15,0,2,bkg,100
320,303.75,15,0,2,bkg,100
321,304.0,15,0,2,bkg,100
322,305.75,15,0,2,bkg,100
323,306.0,15,0,2,bkg,100
324,306.5,15,0,2,bkg,100
325,306.75,15,0,2,bkg,100
326,307.5,15,0,2,bkg,100
327,308.0,15,0,2,bkg,100
328,308.25,15,0,2,bkg,100
329,308.5,15,0,2,bkg,100
330,309.0,15,0,2,bkg,100
331,309.75,15,0,2,bkg,100
332,309.771566686496,0,0,0,v1,478107198
333,310.25,15,0,2,bkg,100
334,310.72544011341944,1,0,0,v1,475622793
335,314.75,15,0,2,bkg,100
336,316.75,15,0,2,bkg,100
337,318.5,15,0,2,bkg,100
338,318.75,15,0,2,bkg,100
339,320.5,15,0,2,bkg,100
340,321.0,15,0,2,bkg,100
341,324.5,15,0,2,bkg,100
342,326.5,15,0,2,bkg,100
343,327.75,15,0,2,bkg,100
344,328.25,15,0,2,bkg,100
345,328.5,15,0,2,bkg,100
346,329.0,15,0,2,bkg,100
347,329.75,15,0,2,bkg,100
348,330.5,15,0,2,bkg,100
349,332.25,15,0,2,bkg,100
350,332.5,15,0,2,bkg,100
351,334.0,15,0,2,bkg,100
352,335.75,15,0,2,bkg,100
353,336.5,15,0,2,bkg,100
354,337.25,15,0,2,bkg,100
355,339.25,15,0,2,bkg,100
356,340.5,15,0,2,bkg,100
357,341.25,15,0,2,bkg,100
358,342.0,15,0,2,bkg,100
359,343.25,15,0,2,bkg,100
360,344.5,15,0,2,bkg,100
361,345.25,15,0,2,bkg,100
362,345.5,15,0,2,bkg,100
363,346.25,15,0,2,bkg,100
364,347.0,15,0,2,bkg,100
365,349.5,15,0,2,bkg,100
366,352.25,15,0,2,bkg,100
367,352.75,15,0,2,bkg,100
368,353.0,15,0,2,bkg,100
369,353.5,15,0,2,bkg,100
370,354.0,15,0,2,bkg,100
371,354.75,15,0,2,bkg,100
372,355.0,15,0,2,bkg,100
373,355.5,15,0,2,bkg,100
374,357.75,15,0,2,bkg,100
375,358.75,15,0,2,bkg,100
376,360.25,15,0,2,bkg,100
377,361.0,15,0,2,bkg,100
378,361.5,15,0,2,bkg,100
379,361.75,15,0,2,bkg,100
380,364.0,15,0,2,bkg,100
381,365.25,15,0,2,bkg,100
382,365.5,15,0,2,bkg,100
383,365.75,15,0,2,bkg,100
384,366.5,15,0,2,bkg,100
385,366.75,15,0,2,bkg,100
386,367.75,15,0,2,bkg,100
387,367.7659435751164,0,0,0,v1,478107198
388,368.75,15,0,2,bkg,100
389,369.5,15,0,2,bkg,100
390,370.0,15,0,2,bkg,100
391,370.75,15,0,2,bkg,100
392,372.75,15,0,2,bkg,100
393,373.0,15,0,2,bkg,100
394,374.0,15,0,2,bkg,100
395,375.75,15,0,2,bkg,100
396,378.0,15,0,2,bkg,100
397,380.0,15,0,2,bkg,100
398,381.5,15,0,2,bkg,100
399,382.0,15,0,2,bkg,100
400,383.5,15,0,2,bkg,100
401,384.0,15,0,2,bkg,100
402,384.25,15,0,2,bkg,100
403,384.5,15,0,2,bkg,100
404,384.75,15,0,2,bkg,100
405,385.0,15,0,2,bkg,100
406,387.75893200351544,1,0,0,v1,475622793
407,388.75,15,0,2,bkg,100
408,390.25,15,0,2,bkg,100
409,391.5,15,0,2,bkg,100
410,392.0,15,0,2,bkg,100
411,393.75,15,0,2,bkg,100
412,394.75,15,0,2,bkg,100
413,395.25,15,0,2,bkg,100
414,396.75,15,0,2,bkg,100
415,397.25,15,0,2,bkg,100
416,397.75,15,0,2,bkg,100
417,399.75,15,0,2,bkg,100
418,400.75,15,0,2,bkg,100
419,401.0,15,0,2,bkg,100
420,402.0,15,0,2,bkg,100
421,403.0,15,0,2,bkg,100
422,403.5,15,0,2,bkg,100
423,404.0,15,0,2,bkg,100
424,405.75,15,0,2,bkg,100
425,406.0,15,0,2,bkg,100
426,406.5,15,0,2,bkg,100
427,407.0,15,0,2,bkg,100
428,407.25,15,0,2,bkg,100
429,409.0,15,0,2,bkg,100
430,409.25,15,0,2,bkg,100
431,410.0,15,0,2,bkg,100
432,410.75,15,0,2,bkg,100
433,412.0642819056362,0,0,0,v1,478107198
434,412.25,15,0,2,bkg,100
435,412.75,15,0,2,bkg,100
436,413.5,15,0,2,bkg,100
437,414.5,15,0,2,bkg,100
438,415.5,15,0,2,bkg,100
439,415.75,15,0,2,bkg,100
440,417.5,15,0,2,bkg,100
441,420.0,15,0,2,bkg,100
442,421.5,15,0,2,bkg,100
443,422.25,15,0,2,bkg,100
444,424.0,15,0,2,bkg,100
445,424.25,15,0,2,bkg,100
446,424.5,15,0,2,bkg,100
447,425.25,15,0,2,bkg,100
448,425.5,15,0,2,bkg,100
449,426.25,15,0,2,bkg,100
450,426.5,15,0,2,bkg,100
451,434.0,15,0,2,bkg,100
452,436.5,15,0,2,bkg,100
453,436.75,15,0,2,bkg,100
454,438.75,15,0,2,bkg,100
455,439.0,15,0,2,bkg,100
456,439.25,15,0,2,bkg,100
457,440.25,15,0,2,bkg,100
458,441.5,15,0,2,bkg,100
459,442.25,15,0,2,bkg,100
460,442.5,15,0,2,bkg,100
461,442.75,15,0,2,bkg,100
462,443.0,15,0,2,bkg,100
463,444.0,15,0,2,bkg,100
464,444.5,15,0,2,bkg,100
465,445.75,15,0,2,bkg,100
466,446.75,15,0,2,bkg,100
467,449.0,15,0,2,bkg,100
468,449.5,15,0,2,bkg,100
469,449.75,15,0,2,bkg,100
470,450.0,15,0,2,bkg,100
471,450.25,15,0,2,bkg,100
472,452.5,15,0,2,bkg,100
473,452.75,15,0,2,bkg,100
474,453.75,15,0,2,bkg,100
475,454.75,15,0,2,bkg,100
476,455.0,15,0,2,bkg,100
477,455.25,15,0,2,bkg,100
478,457.0,15,0,2,bkg,100
479,457.64544729881,0,0,0,v1,478107198
480,459.0,15,0,2,bkg,100
481,460.0,15,0,2,bkg,100
482,460.75,15,0,2,bkg,100
483,461.25,15,0,2,bkg,100
484,462.0,15,0,2,bkg,100
485,462.25,15,0,2,bkg,100
486,462.75,15,0,2,bkg,100
487,463.25,15,0,2,bkg,100
488,464.25,15,0,2,bkg,100
489,464.75,15,0,2,bkg,100
490,465.0,15,0,2,bkg,100
491,465.5,15,0,2,bkg,100
492,467.25,15,0,2,bkg,100
493,468.24130860890097,1,0,0,v1,475622793
494,468.25,15,0,2,bkg,100
495,469.75,15,0,2,bkg,100
496,470.5,15,0,2,bkg,100
497,470.75,15,0,2,bkg,100
498,471.0,15,0,2,bkg,100
499,471.25,15,0,2,bkg,100
500,471.75,15,0,2,bkg,100
501,472.5,15,0,2,bkg,100
502,474.75,15,0,2,bkg,100
503,475.25,15,0,2,bkg,100
504,475.5,15,0,2,bkg,100
505,475.75,15,0,2,bkg,100
506,476.0,15,0,2,bkg,100
507,476.25,15,0,2,bkg,100
508,477.0,15,0,2,bkg,100
509,477.5,15,0,2,bkg,100
510,478.5,15,0,2,bkg,100
511,480.25,15,0,2,bkg,100
512,481.0,15,0,2,bkg,100
513,481.75,15,0,2,bkg,100
514,482.0,15,0,2,bkg,100
515,482.5,15,0,2,bkg,100
516,483.5,15,0,2,bkg,100
517,484.5,15,0,2,bkg,100
518,484.75,15,0,2,bkg,100
519,485.75,15,0,2,bkg,100
520,486.0,15,0,2,bkg,100
521,486.9610370298378,0,0,0,v1,478107198
522,487.0,15,0,2,bkg,100
523,487.25,15,0,2,bkg,100
524,487.5,15,0,2,bkg,100
525,489.75,15,0,2,bkg,100
526,490.5,15,0,2,bkg,100
527,490.75,15,0,2,bkg,100
528,492.75,15,0,2,bkg,100
529,493.5,15,0,2,bkg,100
530,495.0,15,0,2,bkg,100
531,495.5,15,0,2,bkg,100
532,496.0,15,0,2,bkg,100
533,498.5,15,0,2,bkg,100
534,499.25,15,0,2,bkg,100
535,499.5,15,0,2,bkg,100
536,500.5,15,0,2,bkg,100
537,501.5,15,0,2,bkg,100
538,502.25,15,0,2,bkg,100
539,503.25,15,0,2,bkg,100
540,503.5,15,0,2,bkg,100
541,503.75,15,0,2,bkg,100
542,504.0,15,0,2,bkg,100
543,504.25,15,0,2,bkg,100
544,506.75,15,0,2,bkg,100
545,507.5,15,0,2,bkg,100
546,507.75,15,0,2,bkg,100
547,510.5,15,0,2,bkg,100
548,513.25,15,0,2,bkg,100
549,513.5,15,0,2,bkg,100
550,514.25,15,0,2,bkg,100
551,514.5,15,0,2,bkg,100
552,515.0,15,0,2,bkg,100
553,515.75,15,0,2,bkg,100
554,516.75,15,0,2,bkg,100
555,517.25,15,0,2,bkg,100
556,518.25,15,0,2,bkg,100
557,518.75,15,0,2,bkg,100
558,519.25,15,0,2,bkg,100
559,519.5,15,0,2,bkg,100
560,519.75,15,0,2,bkg,100
561,521.5,15,0,2,bkg,100
562,521.75,15,0,2,bkg,100
563,522.75,15,0,2,bkg,100
564,523.75,15,0,2,bkg,100
565,524.5,15,0,2,bkg,100
566,524.75,15,0,2,bkg,100
567,525.25,15,0,2,bkg,100
568,527.0,15,0,2,bkg,100
569,527.25,15,0,2,bkg,100
570,528.7246916141528,0,0,0,v1,478107198
571,529.5,15,0,2,bkg,100
572,530.5,15,0,2,bkg,100
573,531.5,15,0,2,bkg,100
574,531.75,15,0,2,bkg,100
575,533.25,15,0,2,bkg,100
576,534.5,15,0,2,bkg,100
577,536.0,15,0,2,bkg,100
578,539.25,15,0,2,bkg,100
579,540.0,15,0,2,bkg,100
580,541.5,15,0,2,bkg,100
581,543.75,15,0,2,bkg,100
582,546.25,15,0,2,bkg,100
583,546.75,15,0,2,bkg,100
584,548.25,15,0,2,bkg,100
585,549.75,15,0,2,bkg,100
586,550.25,15,0,2,bkg,100
587,550.5,15,0,2,bkg,100
588,551.25,15,0,2,bkg,100
589,552.75,15,0,2,bkg,100
590,554.75,15,0,2,bkg,100
591,555.0,15,0,2,bkg,100
592,555.25,15,0,2,bkg,100
593,555.75,15,0,2,bkg,100
594,556.0,15,0,2,bkg,100
595,556.25,15,0,2,bkg,100
596,556.5,15,0,2,bkg,100
597,557.25,15,0,2,bkg,100
598,557.5,15,0,2,bkg,100
599,558.25,15,0,2,bkg,100
600,558.8348915725707,1,0,0,v1,475622793
601,559.0,15,0,2,bkg,100
602,560.5,15,0,2,bkg,100
603,560.75,15,0,2,bkg,100
604,561.25,15,0,2,bkg,100
605,561.5,15,0,2,bkg,100
606,562.25,15,0,2,bkg,100
607,562.75,15,0,2,bkg,100
608,563.0,15,0,2,bkg,100
609,563.75,15,0,2,bkg,100
610,564.25,15,0,2,bkg,100
611,564.4150895154715,0,0,0,v1,478107198
612,565.0,15,0,2,bkg,100
613,565.25,15,0,2,bkg,100
614,566.25,15,0,2,bkg,100
615,568.25,15,0,2,bkg,100
616,568.5,15,0,2,bkg,100
617,569.25,15,0,2,bkg,100
618,570.0,15,0,2,bkg,100
619,570.75,15,0,2,bkg,100
620,571.75,15,0,2,bkg,100
621,573.25,15,0,2,bkg,100
622,573.75,15,0,2,bkg,100
623,577.5,15,0,2,bkg,100
624,578.75,15,0,2,bkg,100
625,580.75,15,0,2,bkg,100
626,581.25,15,0,2,bkg,100
627,581.75,15,0,2,bkg,100
628,582.5,15,0,2,bkg,100
629,583.5,15,0,2,bkg,100
630,584.5,15,0,2,bkg,100
631,585.0,15,0,2,bkg,100
632,585.5,15,0,2,bkg,100
633,585.75,15,0,2,bkg,100
634,586.0,15,0,2,bkg,100
635,586.75,15,0,2,bkg,100
636,587.0,15,0,2,bkg,100
637,588.25,15,0,2,bkg,100
638,589.25,15,0,2,bkg,100
639,591.0,15,0,2,bkg,100
640,591.25,15,0,2,bkg,100
641,592.5,15,0,2,bkg,100
642,593.25,15,0,2,bkg,100
643,594.0,15,0,2,bkg,100
644,595.5,15,0,2,bkg,100
645,596.0,15,0,2,bkg,100
646,597.25,15,0,2,bkg,100
647,600.25,15,0,2,bkg,100
648,601.0,15,0,2,bkg,100
649,603.0,15,0,2,bkg,100
650,603.75,15,0,2,bkg,100
651,604.0,15,0,2,bkg,100
652,604.25,15,0,2,bkg,100
653,605.75,15,0,2,bkg,100
654,607.25,15,0,2,bkg,100
655,609.75,15,0,2,bkg,100
656,610.25,15,0,2,bkg,100
657,611.0,15,0,2,bkg,100
658,611.25,15,0,2,bkg,100
659,614.25,15,0,2,bkg,100
660,614.5,15,0,2,bkg,100
661,615.5,15,0,2,bkg,100
662,616.25,15,0,2,bkg,100
663,620.0,15,0,2,bkg,100
664,620.5,15,0,2,bkg,100
665,620.75,15,0,2,bkg,100
666,621.5,15,0,2,bkg,100
667,623.5,15,0,2,bkg,100
668,623.75,15,0,2,bkg,100
669,629.75,15,0,2,bkg,100
670,631.0,15,0,2,bkg,100
671,631.75,15,0,2,bkg,100
672,635.75,15,0,2,bkg,100
673,636.25,15,0,2,bkg,100
674,637.0,15,0,2,bkg,100
675,637.25,15,0,2,bkg,100
676,638.25,15,0,2,bkg,100
677,638.5,15,0,2,bkg,100
678,638.75,15,0,2,bkg,100
679,639.0,15,0,2,bkg,100
680,640.0,15,0,2,bkg,100
681,640.75,15,0,2,bkg,100
682,641.0,15,0,2,bkg,100
683,641.5,15,0,2,bkg,100
684,642.75,15,0,2,bkg,100
685,643.5,15,0,2,bkg,100
686,644.5,15,0,2,bkg,100
687,644.75,15,0,2,bkg,100
688,645.7945836498097,0,0,0,v1,478107198
689,646.75,15,0,2,bkg,100
690,647.25,15,0,2,bkg,100
691,647.75,15,0,2,bkg,100
692,650.5,15,0,2,bkg,100
693,653.0,15,0,2,bkg,100
694,655.75,15,0,2,bkg,100
695,656.25,15,0,2,bkg,100
696,658.25,15,0,2,bkg,100
697,659.5,15,0,2,bkg,100
698,661.5,15,0,2,bkg,100
699,663.75,15,0,2,bkg,100
700,664.5,15,0,2,bkg,100
701,664.75,15,0,2,bkg,100
702,665.5,15,0,2,bkg,100
703,665.75,15,0,2,bkg,100
704,666.0,15,0,2,bkg,100
705,667.0,15,0,2,bkg,100
706,668.5,15,0,2,bkg,100
707,668.75,15,0,2,bkg,100
708,669.0,15,0,2,bkg,100
709,669.75,15,0,2,bkg,100
710,670.0,15,0,2,bkg,100
711,671.25,15,0,2,bkg,100
712,672.0,15,0,2,bkg,100
713,672.5,15,0,2,bkg,100
714,674.75,15,0,2,bkg,100
715,675.25,15,0,2,bkg,100
716,677.5,15,0,2,bkg,100
717,677.75,15,0,2,bkg,100
718,678.5,15,0,2,bkg,100
719,678.75,15,0,2,bkg,100
720,679.5,15,0,2,bkg,100
721,679.75,15,0,2,bkg,100
722,680.0,15,0,2,bkg,100
723,680.5,15,0,2,bkg,100
724,681.5,15,0,2,bkg,100
725,682.8876788965986,1,0,0,v1,475622793
726,683.75,15,0,2,bkg,100
727,683.8226058384829,0,0,0,v1,478107198
728,686.0,15,0,2,bkg,100
729,686.75,15,0,2,bkg,100
730,687.25,15,0,2,bkg,100
731,688.5,15,0,2,bkg,100
732,689.5,15,0,2,bkg,100
733,691.0,15,0,2,bkg,100
734,691.75,15,0,2,bkg,100
735,692.25,15,0,2,bkg,100
736,696.25,15,0,2,bkg,100
737,696.5,15,0,2,bkg,100
738,698.0,15,0,2,bkg,100
739,699.25,15,0,2,bkg,100
740,700.5,15,0,2,bkg,100
741,701.25,15,0,2,bkg,100
742,702.0,15,0,2,bkg,100
743,702.25,15,0,2,bkg,100
744,703.0,15,0,2,bkg,100
745,703.25,15,0,2,bkg,100
746,706.75,15,0,2,bkg,100
747,707.25,15,0,2,bkg,100
748,709.0,15,0,2,bkg,100
749,709.25,15,0,2,bkg,100
750,709.75,15,0,2,bkg,100
751,710.5,15,0,2,bkg,100
752,711.0,15,0,2,bkg,100
753,711.75,15,0,2,bkg,100
754,714.5,15,0,2,bkg,100
755,715.25,15,0,2,bkg,100
756,715.75,15,0,2,bkg,100
757,716.5,15,0,2,bkg,100
758,717.75,15,0,2,bkg,100
759,720.25,15,0,2,bkg,100
760,721.0,15,0,2,bkg,100
761,722.75,15,0,2,bkg,100
762,723.0,15,0,2,bkg,100
763,723.25,15,0,2,bkg,100
764,724.25,15,0,2,bkg,100
765,724.5,15,0,2,bkg,100
766,726.0,15,0,2,bkg,100
767,726.25,15,0,2,bkg,100
768,726.5,15,0,2,bkg,100
769,726.75,15,0,2,bkg,100
770,727.25,15,0,2,bkg,100
771,728.5,15,0,2,bkg,100
772,730.0,15,0,2,bkg,100
773,731.25,15,0,2,bkg,100
774,732.5,15,0,2,bkg,100
775,734.5,15,0,2,bkg,100
776,734.75,15,0,2,bkg,100
777,735.0,15,0,2,bkg,100
778,736.25,15,0,2,bkg,100
779,737.3949688763134,0,0,0,v1,478107198
780,737.5,15,0,2,bkg,100
781,738.0,15,0,2,bkg,100
782,738.25,15,0,2,bkg,100
783,739.0,15,0,2,bkg,100
784,739.75,15,0,2,bkg,100
785,741.25,15,0,2,bkg,100
786,741.5,15,0,2,bkg,100
787,742.5,15,0,2,bkg,100
788,744.25,15,0,2,bkg,100
789,744.75,15,0,2,bkg,100
790,745.25,15,0,2,bkg,100
791,745.5,15,0,2,bkg,100
792,746.25,15,0,2,bkg,100
793,746.5,15,0,2,bkg,100
794,746.75,15,0,2,bkg,100
795,747.0,15,0,2,bkg,100
796,747.5,15,0,2,bkg,100
797,748.75,15,0,2,bkg,100
798,749.2685312432516,1,0,0,v1,475622793
799,750.0,15,0,2,bkg,100
800,750.5,15,0,2,bkg,100
801,751.5,15,0,2,bkg,100
802,752.0,15,0,2,bkg,100
803,752.25,15,0,2,bkg,100
804,753.75,15,0,2,bkg,100
805,755.75,15,0,2,bkg,100
806,756.25,15,0,2,bkg,100
807,757.5,15,0,2,bkg,100
808,760.0,15,0,2,bkg,100
809,760.25,15,0,2,bkg,100
810,762.75,15,0,2,bkg,100
811,765.0,15,0,2,bkg,100
812,765.25,15,0,2,bkg,100
813,766.0,15,0,2,bkg,100
814,767.75,15,0,2,bkg,100
815,771.0,15,0,2,bkg,100
816,771.25,15,0,2,bkg,100
817,771.5,15,0,2,bkg,100
818,774.0,15,0,2,bkg,100
819,775.0,15,0,2,bkg,100
820,775.25,15,0,2,bkg,100
821,777.75,15,0,2,bkg,100
822,778.5,15,0,2,bkg,100
823,778.75,15,0,2,bkg,100
824,780.25,15,0,2,bkg,100
825,780.5,15,0,2,bkg,100
826,781.5,15,0,2,bkg,100
827,781.75,15,0,2,bkg,100
828,782.25,15,0,2,bkg,100
829,782.75,15,0,2,bkg,100
830,783.25,15,0,2,bkg,100
831,784.25,15,0,2,bkg,100
832,787.5,15,0,2,bkg,100
833,788.0,15,0,2,bkg,100
834,788.75,15,0,2,bkg,100
835,790.5,15,0,2,bkg,100
836,791.0,15,0,2,bkg,100
837,792.75,15,0,2,bkg,100
838,797.0,15,0,2,bkg,100
839,797.75,15,0,2,bkg,100
840,798.5,15,0,2,bkg,100
841,798.75,15,0,2,bkg,100
842,800.25,15,0,2,bkg,100
843,801.0,15,0,2,bkg,100
844,803.5,15,0,2,bkg,100
845,804.5,15,0,2,bkg,100
846,804.75,15,0,2,bkg,100
847,806.0,15,0,2,bkg,100
848,806.5,15,0,2,bkg,100
849,806.75,15,0,2,bkg,100
850,808.25,15,0,2,bkg,100
851,809.75,15,0,2,bkg,100
852,810.0,15,0,2,bkg,100
853,810.5,15,0,2,bkg,100
854,812.0,15,0,2,bkg,100
855,813.75,15,0,2,bkg,100
856,815.75,15,0,2,bkg,100
857,816.5,15,0,2,bkg,100
858,817.75,15,0,2,bkg,100
859,818.6607188388399,0,0,0,v1,478107198
860,820.0,15,0,2,bkg,100
861,820.25,15,0,2,bkg,100
862,820.75,15,0,2,bkg,100
863,821.5,15,0,2,bkg,100
864,821.75,15,0,2,bkg,100
865,823.25,15,0,2,bkg,100
866,823.75,15,0,2,bkg,100
867,825.0,15,0,2,bkg,100
868,825.25,15,0,2,bkg,100
869,825.75,15,0,2,bkg,100
870,826.0,15,0,2,bkg,100
871,826.75,15,0,2,bkg,100
872,828.0,15,0,2,bkg,100
873,829.0,15,0,2,bkg,100
874,829.5,15,0,2,bkg,100
875,831.25,15,0,2,bkg,100
876,831.5,15,0,2,bkg,100
877,831.75,15,0,2,bkg,100
878,832.25,15,0,2,bkg,100
879,833.0,15,0,2,bkg,100
880,837.25,15,0,2,bkg,100
881,838.0,15,0,2,bkg,100
882,839.0,15,0,2,bkg,100
883,839.25,15,0,2,bkg,100
884,839.5,15,0,2,bkg,100
885,840.75,15,0,2,bkg,100
886,841.0,15,0,2,bkg,100
887,841.5,15,0,2,bkg,100
888,842.0,15,0,2,bkg,100
889,842.5,15,0,2,bkg,100
890,842.75,15,0,2,bkg,100
891,844.25,15,0,2,bkg,100
892,846.0,15,0,2,bkg,100
893,846.75,15,0,2,bkg,100
894,847.75,15,0,2,bkg,100
895,848.5,15,0,2,bkg,100
896,849.25,15,0,2,bkg,100
897,850.0,15,0,2,bkg,100
898,850.75,15,0,2,bkg,100
899,851.0,15,0,2,bkg,100
900,851.25,15,0,2,bkg,100
901,851.5,15,0,2,bkg,100
902,851.6900166514804,0,0,0,v1,478107198
903,851.75,15,0,2,bkg,100
904,852.75,15,0,2,bkg,100
905,853.5,15,0,2,bkg,100
906,853.9319716311803,1,0,0,v1,475622793
907,854.0,15,0,2,bkg,100
908,854.75,15,0,2,bkg,100
909,855.0,15,0,2,bkg,100
910,855.75,15,0,2,bkg,100
911,857.25,15,0,2,bkg,100
912,857.5,15,0,2,bkg,100
913,858.75,15,0,2,bkg,100
914,862.0,15,0,2,bkg,100
915,863.25,15,0,2,bkg,100
916,863.75,15,0,2,bkg,100
917,864.5,15,0,2,bkg,100
918,866.5,15,0,2,bkg,100
919,867.0,15,0,2,bkg,100
920,867.25,15,0,2,bkg,100
921,867.75,15,0,2,bkg,100
922,871.5,15,0,2,bkg,100
923,872.0,15,0,2,bkg,100
924,873.0,15,0,2,bkg,100
925,873.5,15,0,2,bkg,100
926,874.75,15,0,2,bkg,100
927,876.0,15,0,2,bkg,100
928,876.25,15,0,2,bkg,100
929,878.0,15,0,2,bkg,100
930,880.5,15,0,2,bkg,100
931,881.25,15,0,2,bkg,100
932,882.5,15,0,2,bkg,100
933,883.5,15,0,2,bkg,100
934,884.5,15,0,2,bkg,100
935,886.25,15,0,2,bkg,100
936,887.25,15,0,2,bkg,100
937,887.5,15,0,2,bkg,100
938,888.25,15,0,2,bkg,100
939,889.25,15,0,2,bkg,100
940,889.5,15,0,2,bkg,100
941,890.25,15,0,2,bkg,100
942,891.25,15,0,2,bkg,100
943,891.75,15,0,2,bkg,100
944,893.75,15,0,2,bkg,100
945,894.25,15,0,2,bkg,100
946,896.0,15,0,2,bkg,100
947,896.5,15,0,2,bkg,100
948,897.25,15,0,2,bkg,100
949,898.0,15,0,2,bkg,100
950,899.5,15,0,2,bkg,100
951,900.5,15,0,2,bkg,100
952,900.75,15,0,2,bkg,100
953,902.75,15,0,2,bkg,100
954,904.8819111437175,0,0,0,v1,478107198
955,905.0,15,0,2,bkg,100
956,905.25,15,0,2,bkg,100
957,905.75,15,0,2,bkg,100
958,907.25,15,0,2,bkg,100
959,907.5,15,0,2,bkg,100
960,907.75,15,0,2,bkg,100
961,908.5,15,0,2,bkg,100
962,910.25,15,0,2,bkg,100
963,910.5,15,0,2,bkg,100
964,912.5,15,0,2,bkg,100
965,914.5,15,0,2,bkg,100
966,914.75,15,0,2,bkg,100
967,915.75,15,0,2,bkg,100
968,916.0,15,0,2,bkg,100
969,916.5,15,0,2,bkg,100
970,917.0,15,0,2,bkg,100
971,917.25,15,0,2,bkg,100
972,917.75,15,0,2,bkg,100
973,918.25,15,0,2,bkg,100
974,919.0,15,0,2,bkg,100
975,920.25,15,0,2,bkg,100
976,922.5,15,0,2,bkg,100
977,922.75,15,0,2,bkg,100
978,923.0,15,0,2,bkg,100
979,923.75,15,0,2,bkg,100
980,924.5,15,0,2,bkg,100
981,925.0,15,0,2,bkg,100
982,926.0,15,0,2,bkg,100
983,926.25,15,0,2,bkg,100
984,928.0,15,0,2,bkg,100
985,928.75,15,0,2,bkg,100
986,929.5,15,0,2,bkg,100
987,935.25,15,0,2,bkg,100
988,937.0,15,0,2,bkg,100
989,937.5,15,0,2,bkg,100
990,938.0,15,0,2,bkg,100
991,939.0,15,0,2,bkg,100
992,939.25,15,0,2,bkg,100
993,940.0,15,0,2,bkg,100
994,940.75,15,0,2,bkg,100
995,942.5,15,0,2,bkg,100
996,943.0,15,0,2,bkg,100
997,943.5,15,0,2,bkg,100
998,944.5,15,0,2,bkg,100
999,944.75,15,0,2,bkg,100
1000,945.0,15,0,2,bkg,100
1001,945.25,15,0,2,bkg,100
1002,945.75,15,0,2,bkg,100
1003,947.75,15,0,2,bkg,100
1004,947.8307794512112,0,0,0,v1,478107198
1005,948.2364256047081,1,0,0,v1,475622793
1006,949.25,15,0,2,bkg,100
1007,950.25,15,0,2,bkg,100
1008,951.75,15,0,2,bkg,100
1009,953.75,15,0,2,bkg,100
1010,954.5,15,0,2,bkg,100
1011,955.0,15,0,2,bkg,100
1012,955.5,15,0,2,bkg,100
1013,956.25,15,0,2,bkg,100
1014,959.25,15,0,2,bkg,100
1015,960.75,15,0,2,bkg,100
1016,961.25,15,0,2,bkg,100
1017,964.5,15,0,2,bkg,100
1018,965.0,15,0,2,bkg,100
1019,965.25,15,0,2,bkg,100
1020,965.5,15,0,2,bkg,100
1021,966.5,15,0,2,bkg,100
1022,966.75,15,0,2,bkg,100
1023,967.0,15,0,2,bkg,100
1024,969.25,15,0,2,bkg,100
1025,969.5,15,0,2,bkg,100
1026,970.0,15,0,2,bkg,100
1027,970.75,15,0,2,bkg,100
1028,972.0,15,0,2,bkg,100
1029,972.75,15,0,2,bkg,100
1030,974.0,15,0,2,bkg,100
1031,975.25,15,0,2,bkg,100
1032,975.75,15,0,2,bkg,100
1033,977.5,15,0,2,bkg,100
1034,978.25,15,0,2,bkg,100
1035,979.0,15,0,2,bkg,100
1036,979.25,15,0,2,bkg,100
1037,980.0,15,0,2,bkg,100
1038,980.5,15,0,2,bkg,100
1039,982.0,15,0,2,bkg,100
1040,982.25,15,0,2,bkg,100
1041,983.75,15,0,2,bkg,100
1042,984.25,15,0,2,bkg,100
1043,984.5,15,0,2,bkg,100
1044,985.0,15,0,2,bkg,100
1045,986.25,15,0,2,bkg,100
1046,986.75,15,0,2,bkg,100
1047,987.0,15,0,2,bkg,100
1048,987.4649723282009,0,0,0,v1,478107198
1049,989.25,15,0,2,bkg,100
1050,989.75,15,0,2,bkg,100
1051,990.0,15,0,2,bkg,100
1052,990.5,15,0,2,bkg,100
1053,994.5,15,0,2,bkg,100
1054,994.75,15,0,2,bkg,100
1055,996.75,15,0,2,bkg,100
1056,998.0,15,0,2,bkg,100
1057,998.75,15,0,2,bkg,100
1058,1000.75,15,0,2,bkg,100
1059,1001.0,15,0,2,bkg,100
1060,1001.25,15,0,2,bkg,100
1061,1003.5,15,0,2,bkg,100
1062,1006.75,15,0,2,bkg,100
1063,1007.0,15,0,2,bkg,100
1064,1007.5,15,0,2,bkg,100
1065,1012.75,15,0,2,bkg,100
1066,1014.75,15,0,2,bkg,100
1067,1016.25,15,0,2,bkg,100
1068,1016.5,15,0,2,bkg,100
1069,1019.25,15,0,2,bkg,100
1070,1020.75,15,0,2,bkg,100
1071,1021.75,15,0,2,bkg,100
1072,1022.25,15,0,2,bkg,100
1073,1022.75,15,0,2,bkg,100
1074,1023.25,15,0,2,bkg,100
1075,1024.5,15,0,2,bkg,100
1076,1025.0,15,0,2,bkg,100
1077,1025.25,15,0,2,bkg,100
1078,1025.75,15,0,2,bkg,100
1079,1026.25,15,0,2,bkg,100
1080,1027.5,15,0,2,bkg,100
1081,1032.5,15,0,2,bkg,100
1082,1034.25,15,0,2,bkg,100
1083,1034.5,15,0,2,bkg,100
1084,1034.75,15,0,2,bkg,100
1085,1035.75,15,0,2,bkg,100
1086,1036.5,15,0,2,bkg,100
1087,1037.75,15,0,2,bkg,100
1088,1039.5,15,0,2,bkg,100
1089,1040.0,15,0,2,bkg,100
1090,1042.5,15,0,2,bkg,100
1091,1044.75,15,0,2,bkg,100
1092,1045.5,15,0,2,bkg,100
1093,1046.0,15,0,2,bkg,100
1094,1047.75,15,0,2,bkg,100
1095,1048.0,15,0,2,bkg,100
1096,1049.5,15,0,2,bkg,100
1097,1050.0,15,0,2,bkg,100
1098,1050.25,15,0,2,bkg,100
1099,1051.0,15,0,2,bkg,100
1100,1051.25,15,0,2,bkg,100
1101,1052.0,15,0,2,bkg,100
1102,1053.25,15,0,2,bkg,100
1103,1054.296281013393,0,0,0,v1,478107198
1104,1055.5,15,0,2,bkg,100
1105,1056.0,15,0,2,bkg,100
1106,1056.5,15,0,2,bkg,100
1107,1057.75,15,0,2,bkg,100
1108,1059.75,15,0,2,bkg,100
1109,1060.25,15,0,2,bkg,100
1110,1062.5,15,0,2,bkg,100
1111,1062.75,15,0,2,bkg,100
1112,1063.25,15,0,2,bkg,100
1113,1063.5,15,0,2,bkg,100
1114,1064.75,15,0,2,bkg,100
1115,1067.5,15,0,2,bkg,100
1116,1069.25,15,0,2,bkg,100
1117,1070.5,15,0,2,bkg,100
1118,1072.25,15,0,2,bkg,100
1119,1074.75,15,0,2,bkg,100
1120,1075.5,15,0,2,bkg,100
1121,1075.75,15,0,2,bkg,100
1122,1076.0,15,0,2,bkg,100
1123,1076.5,15,0,2,bkg,100
1124,1077.5,15,0,2,bkg,100
1125,1078.5,15,0,2,bkg,100
1126,1078.75,15,0,2,bkg,100
1127,1080.25,15,0,2,bkg,100
1128,1081.0,15,0,2,bkg,100
1129,1081.75,15,0,2,bkg,100
1130,1083.5,15,0,2,bkg,100
1131,1084.0,15,0,2,bkg,100
1132,1088.25,15,0,2,bkg,100
1133,1091.5,15,0,2,bkg,100
1134,1092.0,15,0,2,bkg,100
1135,1092.75,15,0,2,bkg,100
1136,1094.25,15,0,2,bkg,100
1137,1095.0,15,0,2,bkg,100
1138,1095.75,15,0,2,bkg,100
1139,1098.25,15,0,2,bkg,100
1140,1099.0,15,0,2,bkg,100
1141,1099.25,15,0,2,bkg,100
1142,1100.75,15,0,2,bkg,100
1143,1101.0,15,0,2,bkg,100
1144,1101.25,15,0,2,bkg,100
1145,1101.75,15,0,2,bkg,100
1146,1102.25,15,0,2,bkg,100
1147,1104.0,15,0,2,bkg,100
1148,1104.75,15,0,2,bkg,100
1149,1110.5,15,0,2,bkg,100
1150,1111.25,15,0,2,bkg,100
1151,1111.5,15,0,2,bkg,100
1152,1112.5,15,0,2,bkg,100
1153,1113.25,15,0,2,bkg,100
1154,1114.25,15,0,2,bkg,100
1155,1116.2319479866846,0,0,0,v1,478107198
1156,1117.5,15,0,2,bkg,100
1157,1118.5,15,0,2,bkg,100
1158,1118.75,15,0,2,bkg,100
1159,1119.0,15,0,2,bkg,100
1160,1119.25,15,0,2,bkg,100
1161,1119.75,15,0,2,bkg,100
1162,1120.25,15,0,2,bkg,100
1163,1121.25,15,0,2,bkg,100
1164,1123.25,15,0,2,bkg,100
1165,1123.5,15,0,2,bkg,100
1166,1123.75,15,0,2,bkg,100
1167,1124.0,15,0,2,bkg,100
1168,1124.75,15,0,2,bkg,100
1169,1125.5,15,0,2,bkg,100
1170,1125.75,15,0,2,bkg,100
1171,1126.25,15,0,2,bkg,100
1172,1126.75,15,0,2,bkg,100
1173,1127.0,15,0,2,bkg,100
1174,1127.061078895088,1,0,0,v1,475622793
1175,1127.75,15,0,2,bkg,100
1176,1128.0,15,0,2,bkg,100
1177,1128.25,15,0,2,bkg,100
1178,1129.0,15,0,2,bkg,100
1179,1129.5,15,0,2,bkg,100
1180,1130.287928771692,0,0,0,v1,478107198
1181,1131.0,15,0,2,bkg,100
1182,1131.5,15,0,2,bkg,100
1183,1133.5,15,0,2,bkg,100
1184,1134.5,15,0,2,bkg,100
1185,1135.25,15,0,2,bkg,100
1186,1135.5,15,0,2,bkg,100
1187,1136.0,15,0,2,bkg,100
1188,1137.25,15,0,2,bkg,100
1189,1137.5,15,0,2,bkg,100
1190,1140.25,15,0,2,bkg,100
1191,1140.75,15,0,2,bkg,100
1192,1142.25,15,0,2,bkg,100
1193,1145.5,15,0,2,bkg,100
1194,1148.0,15,0,2,bkg,100
1195,1148.75,15,0,2,bkg,100
1196,1149.25,15,0,2,bkg,100
1197,1150.75,15,0,2,bkg,100
1198,1151.75,15,0,2,bkg,100
1199,1154.75,15,0,2,bkg,100
1200,1155.75,15,0,2,bkg,100
1201,1156.75,15,0,2,bkg,100
1202,1159.25,15,0,2,bkg,100
1203,1160.25,15,0,2,bkg,100
1204,1160.5,15,0,2,bkg,100
1205,1161.5,15,0,2,bkg,100
1206,1163.0,15,0,2,bkg,100
1207,1163.75,15,0,2,bkg,100
1208,1165.25,15,0,2,bkg,100
1209,1165.5,15,0,2,bkg,100
1210,1166.5,15,0,2,bkg,100
1211,1167.0,15,0,2,bkg,100
1212,1168.25,15,0,2,bkg,100
1213,1169.0,15,0,2,bkg,100
1214,1169.25,15,0,2,bkg,100
1215,1170.25,15,0,2,bkg,100
1216,1170.75,15,0,2,bkg,100
1217,1171.25,15,0,2,bkg,100
1218,1171.5,15,0,2,bkg,100
1219,1171.75,15,0,2,bkg,100
1220,1172.5,15,0,2,bkg,100
1221,1173.25,15,0,2,bkg,100
1222,1173.5,15,0,2,bkg,100
1223,1174.597536733356,1,0,0,v1,475622793
1224,1174.75,15,0,2,bkg,100
1225,1175.0,15,0,2,bkg,100
1226,1175.2627695571248,0,0,0,v1,478107198
1227,1175.5,15,0,2,bkg,100
1228,1175.75,15,0,2,bkg,100
1229,1176.5,15,0,2,bkg,100
1230,1176.75,15,0,2,bkg,100
1231,1177.5,15,0,2,bkg,100
1232,1179.5,15,0,2,bkg,100
1233,1180.0,15,0,2,bkg,100
1234,1180.75,15,0,2,bkg,100
1235,1181.75,15,0,2,bkg,100
1236,1182.0,15,0,2,bkg,100
1237,1184.25,15,0,2,bkg,100
1238,1184.75,15,0,2,bkg,100
1239,1186.75,15,0,2,bkg,100
1240,1187.5,15,0,2,bkg,100
1241,1188.0,15,0,2,bkg,100
1242,1189.0,15,0,2,bkg,100
1243,1190.25,15,0,2,bkg,100
1244,1192.25,15,0,2,bkg,100
1245,1192.75,15,0,2,bkg,100
1246,1193.5,15,0,2,bkg,100
1247,1194.0,15,0,2,bkg,100
1248,1196.0,15,0,2,bkg,100
1249,1196.25,15,0,2,bkg,100
1250,1197.0,15,0,2,bkg,100
1251,1197.5,15,0,2,bkg,100
1252,1200.25,15,0,2,bkg,100
1253,1201.0,15,0,2,bkg,100
1254,1202.25,15,0,2,bkg,100
1255,1203.5,15,0,2,bkg,100
1256,1205.25,15,0,2,bkg,100
1257,1205.5,15,0,2,bkg,100
1258,1206.5,15,0,2,bkg,100
1259,1207.75,15,0,2,bkg,100
1260,1209.0,15,0,2,bkg,100
1261,1209.25,15,0,2,bkg,100
1262,1209.5,15,0,2,bkg,100
1263,1211.25,15,0,2,bkg,100
1264,1213.0,15,0,2,bkg,100
1265,1214.75,15,0,2,bkg,100
1266,1215.0,15,0,2,bkg,100
1267,1215.5,15,0,2,bkg,100
1268,1215.75,15,0,2,bkg,100
1269,1216.0,15,0,2,bkg,100
1270,1216.25,15,0,2,bkg,100
1271,1216.5,15,0,2,bkg,100
1272,1219.0,15,0,2,bkg,100
1273,1219.1448920550877,1,0,0,v1,475622793
1274,1219.5,15,0,2,bkg,100
1275,1220.5,15,0,2,bkg,100
1276,1221.5,15,0,2,bkg,100
1277,1222.25,15,0,2,bkg,100
1278,1222.75,15,0,2,bkg,100
1279,1223.0,15,0,2,bkg,100
1280,1223.6475345231277,0,0,0,v1,478107198
1281,1225.0,15,0,2,bkg,100
1282,1225.5,15,0,2,bkg,100
1283,1227.25,15,0,2,bkg,100
1284,1228.75,15,0,2,bkg,100
1285,1229.25,15,0,2,bkg,100
1286,1229.5,15,0,2,bkg,100
1287,1230.25,15,0,2,bkg,100
1288,1233.75,15,0,2,bkg,100
1289,1235.5,15,0,2,bkg,100
1290,1238.75,15,0,2,bkg,100
1291,1239.25,15,0,2,bkg,100
1292,1239.75,15,0,2,bkg,100
1293,1241.75,15,0,2,bkg,100
1294,1242.25,15,0,2,bkg,100
1295,1242.75,15,0,2,bkg,100
1296,1243.75,15,0,2,bkg,100
1297,1245.0,15,0,2,bkg,100
1298,1246.0,15,0,2,bkg,100
1299,1246.25,15,0,2,bkg,100
1300,1247.5,15,0,2,bkg,100
1301,1249.0,15,0,2,bkg,100
1302,1249.75,15,0,2,bkg,100
1303,1250.25,15,0,2,bkg,100
1304,1250.5,15,0,2,bkg,100
1305,1250.75,15,0,2,bkg,100
1306,1251.25,15,0,2,bkg,100
1307,1251.75,15,0,2,bkg,100
1308,1252.5,15,0,2,bkg,100
1309,1255.0,15,0,2,bkg,100
1310,1255.25,15,0,2,bkg,100
1311,1258.0,15,0,2,bkg,100
1312,1258.5,15,0,2,bkg,100
1313,1259.75,15,0,2,bkg,100
1314,1260.5,15,0,2,bkg,100
1315,1263.25,15,0,2,bkg,100
1316,1263.5,15,0,2,bkg,100
1317,1264.75,15,0,2,bkg,100
1318,1267.0,15,0,2,bkg,100
1319,1267.5,15,0,2,bkg,100
1320,1268.25,15,0,2,bkg,100
1321,1269.75,15,0,2,bkg,100
1322,1271.0,15,0,2,bkg,100
1323,1271.75,15,0,2,bkg,100
1324,1272.25,15,0,2,bkg,100
1325,1274.0,15,0,2,bkg,100
1326,1277.0,15,0,2,bkg,100
1327,1277.25,15,0,2,bkg,100
1328,1277.75,15,0,2,bkg,100
1329,1278.75,15,0,2,bkg,100
1330,1279.5,15,0,2,bkg,100
1331,1280.0,15,0,2,bkg,100
1332,1280.25,15,0,2,bkg,100
1333,1280.75,15,0,2,bkg,100
1334,1281.75,15,0,2,bkg,100
1335,1282.25,15,0,2,bkg,100
1336,1283.5,15,0,2,bkg,100
1337,1283.75,15,0,2,bkg,100
1338,1284.25,15,0,2,bkg,100
1339,1286.0195071840392,0,0,0,v1,478107198
1340,1286.25,15,0,2,bkg,100
1341,1286.5,15,0,2,bkg,100
1342,1288.5,15,0,2,bkg,100
1343,1290.0,15,0,2,bkg,100
1344,1290.5,15,0,2,bkg,100
1345,1292.0,15,0,2,bkg,100
1346,1293.0,15,0,2,bkg,100
1347,1293.75,15,0,2,bkg,100
1348,1294.5,15,0,2,bkg,100
1349,1296.75,15,0,2,bkg,100
1350,1297.0,15,0,2,bkg,100
1351,1300.0,15,0,2,bkg,100
1352,1300.5,15,0,2,bkg,100
1353,1301.0,15,0,2,bkg,100
1354,1301.25,15,0,2,bkg,100
1355,1303.25,15,0,2,bkg,100
1356,1306.0,15,0,2,bkg,100
1357,1306.5,15,0,2,bkg,100
1358,1306.75,15,0,2,bkg,100
1359,1307.25,15,0,2,bkg,100
1360,1309.25,15,0,2,bkg,100
1361,1310.0,15,0,2,bkg,100
1362,1312.25,15,0,2,bkg,100
1363,1313.25,15,0,2,bkg,100
1364,1313.75,15,0,2,bkg,100
1365,1314.75,15,0,2,bkg,100
1366,1316.0,15,0,2,bkg,100
1367,1317.0,15,0,2,bkg,100
1368,1318.0,15,0,2,bkg,100
1369,1318.75,15,0,2,bkg,100
1370,1320.25,15,0,2,bkg,100
1371,1321.5,15,0,2,bkg,100
1372,1322.0,15,0,2,bkg,100
1373,1322.25,15,0,2,bkg,100
1374,1322.5,15,0,2,bkg,100
1375,1323.0,15,0,2,bkg,100
1376,1323.25,15,0,2,bkg,100
1377,1323.75,15,0,2,bkg,100
1378,1324.25,15,0,2,bkg,100
1379,1325.0,15,0,2,bkg,100
1380,1325.5,15,0,2,bkg,100
1381,1326.0,15,0,2,bkg,100
1382,1326.25,15,0,2,bkg,100
1383,1326.3576062966713,1,0,0,v1,475622793
1384,1326.775570072857,0,0,0,v1,478107198
1385,1327.25,15,0,2,bkg,100
1386,1327.75,15,0,2,bkg,100
1387,1329.0,15,0,2,bkg,100
1388,1330.5,15,0,2,bkg,100
1389,1331.0,15,0,2,bkg,100
1390,1331.75,15,0,2,bkg,100
1391,1332.25,15,0,2,bkg,100
1392,1332.5,15,0,2,bkg,100
1393,1332.75,15,0,2,bkg,100
1394,1335.25,15,0,2,bkg,100
1395,1336.0,15,0,2,bkg,100
1396,1336.75,15,0,2,bkg,100
1397,1337.0,15,0,2,bkg,100
1398,1337.75,15,0,2,bkg,100
1399,1338.25,15,0,2,bkg,100
1400,1339.0,15,0,2,bkg,100
1401,1340.0,15,0,2,bkg,100
1402,1340.25,15,0,2,bkg,100
1403,1342.25,15,0,2,bkg,100
1404,1342.75,15,0,2,bkg,100
1405,1344.0,15,0,2,bkg,100
1406,1344.25,15,0,2,bkg,100
1407,1346.0,15,0,2,bkg,100
1408,1347.5,15,0,2,bkg,100
1409,1349.5,15,0,2,bkg,100
1410,1351.25,15,0,2,bkg,100
1411,1351.5,15,0,2,bkg,100
1412,1354.75,15,0,2,bkg,100
1413,1355.0,15,0,2,bkg,100
1414,1355.25,15,0,2,bkg,100
1415,1355.75,15,0,2,bkg,100
1416,1356.25,15,0,2,bkg,100
1417,1357.0,15,0,2,bkg,100
1418,1357.25,15,0,2,bkg,100
1419,1357.5,15,0,2,bkg,100
1420,1357.75,15,0,2,bkg,100
1421,1358.0,15,0,2,bkg,100
1422,1358.5,15,0,2,bkg,100
1423,1358.75,15,0,2,bkg,100
1424,1360.0,15,0,2,bkg,100
1425,1360.5,15,0,2,bkg,100
1426,1360.5836188964806,1,0,0,v1,475622793
1427,1361.0,15,0,2,bkg,100
1428,1361.1786196575606,0,0,0,v1,478107198
1429,1362.25,15,0,2,bkg,100
1430,1362.5,15,0,2,bkg,100
1431,1364.75,15,0,2,bkg,100
1432,1366.0,15,0,2,bkg,100
1433,1366.5,15,0,2,bkg,100
1434,1366.75,15,0,2,bkg,100
1435,1367.0,15,0,2,bkg,100
1436,1367.75,15,0,2,bkg,100
1437,1369.25,15,0,2,bkg,100
1438,1369.5,15,0,2,bkg,100
1439,1369.75,15,0,2,bkg,100
1440,1370.75,15,0,2,bkg,100
1441,1372.25,15,0,2,bkg,100
1442,1372.5,15,0,2,bkg,100
1443,1373.25,15,0,2,bkg,100
1444,1374.5,15,0,2,bkg,100
1445,1375.25,15,0,2,bkg,100
1446,1377.25,15,0,2,bkg,100
1447,1378.25,15,0,2,bkg,100
1448,1378.75,15,0,2,bkg,100
1449,1379.75,15,0,2,bkg,100
1450,1380.0,15,0,2,bkg,100
1451,1380.25,15,0,2,bkg,100
1452,1380.5,15,0,2,bkg,100
1453,1381.5,15,0,2,bkg,100
1454,1382.25,15,0,2,bkg,100
1455,1383.5,15,0,2,bkg,100
1456,1384.25,15,0,2,bkg,100
1457,1384.75,15,0,2,bkg,100
1458,1385.0,15,0,2,bkg,100
1459,1385.5,15,0,2,bkg,100
1460,1385.75,15,0,2,bkg,100
1461,1386.0,15,0,2,bkg,100
1462,1388.0,15,0,2,bkg,100
1463,1390.25,15,0,2,bkg,100
1464,1391.25,15,0,2,bkg,100
1465,1393.25,15,0,2,bkg,100
1466,1393.5,15,0,2,bkg,100
1467,1394.0,15,0,2,bkg,100
1468,1403.25,15,0,2,bkg,100
1469,1404.25,15,0,2,bkg,100
1470,1405.25,15,0,2,bkg,100
1471,1406.0,15,0,2,bkg,100
1472,1406.5,15,0,2,bkg,100
1473,1408.25,15,0,2,bkg,100
1474,1408.75,15,0,2,bkg,100
1475,1409.0,15,0,2,bkg,100
1476,1409.75,15,0,2,bkg,100
1477,1412.5,15,0,2,bkg,100
1478,1413.0,15,0,2,bkg,100
1479,1413.5,15,0,2,bkg,100
1480,1414.0,15,0,2,bkg,100
1481,1415.5,15,0,2,bkg,100
1482,1416.0,15,0,2,bkg,100
1483,1416.5,15,0,2,bkg,100
1484,1417.25,15,0,2,bkg,100
1485,1417.5,15,0,2,bkg,100
1486,1418.25,15,0,2,bkg,100
1487,1418.75,15,0,2,bkg,100
1488,1419.25,15,0,2,bkg,100
1489,1419.5,15,0,2,bkg,100
1490,1421.8821859756235,0,0,0,v1,478107198
1491,1422.0,15,0,2,bkg,100
1492,1423.75,15,0,2,bkg,100
1493,1424.5,15,0,2,bkg,100
1494,1425.25,15,0,2,bkg,100
1495,1425.75,15,0,2,bkg,100
1496,1427.5,15,0,2,bkg,100
1497,1429.0,15,0,2,bkg,100
1498,1430.25,15,0,2,bkg,100
1499,1431.0,15,0,2,bkg,100
1500,1432.25,15,0,2,bkg,100
1501,1433.0,15,0,2,bkg,100
1502,1435.5,15,0,2,bkg,100
1503,1436.25,15,0,2,bkg,100
1504,1437.25,15,0,2,bkg,100
1505,1439.25,15,0,2,bkg,100
1506,1439.5,15,0,2,bkg,100
1507,1440.25,15,0,2,bkg,100
1508,1442.25,15,0,2,bkg,100
1509,1442.5,15,0,2,bkg,100
1510,1442.75,15,0,2,bkg,100
1511,1443.25,15,0,2,bkg,100
1512,1444.5,15,0,2,bkg,100
1513,1444.75,15,0,2,bkg,100
1514,1445.25,15,0,2,bkg,100
1515,1445.5,15,0,2,bkg,100
1516,1447.25,15,0,2,bkg,100
1517,1447.5,15,0,2,bkg,100
1518,1449.25,15,0,2,bkg,100
1519,1450.75,15,0,2,bkg,100
1520,1451.75,15,0,2,bkg,100
1521,1452.0,15,0,2,bkg,100
1522,1453.0,15,0,2,bkg,100
1523,1453.75,15,0,2,bkg,100
1524,1454.0,15,0,2,bkg,100
1525,1454.5,15,0,2,bkg,100
1526,1454.75,15,0,2,bkg,100
1527,1455.25,15,0,2,bkg,100
1528,1456.25,15,0,2,bkg,100
1529,1458.5,15,0,2,bkg,100
1530,1459.2440828695692,0,0,0,v1,478107198
1531,1459.5,15,0,2,bkg,100
1532,1459.75,15,0,2,bkg,100
1533,1461.0,15,0,2,bkg,100
1534,1462.0,15,0,2,bkg,100
1535,1462.5,15,0,2,bkg,100
1536,1463.25,15,0,2,bkg,100
1537,1463.5,15,0,2,bkg,100
1538,1464.0,15,0,2,bkg,100
1539,1464.75,15,0,2,bkg,100
1540,1465.0,15,0,2,bkg,100
1541,1467.5,15,0,2,bkg,100
1542,1468.75,15,0,2,bkg,100
1543,1469.25,15,0,2,bkg,100
1544,1470.75,15,0,2,bkg,100
1545,1471.25,15,0,2,bkg,100
1546,1475.5,15,0,2,bkg,100
1547,1476.0,15,0,2,bkg,100
1548,1476.25,15,0,2,bkg,100
1549,1476.75,15,0,2,bkg,100
1550,1477.0,15,0,2,bkg,100
1551,1477.25,15,0,2,bkg,100
1552,1477.75,15,0,2,bkg,100
1553,1481.75,15,0,2,bkg,100
1554,1482.5,15,0,2,bkg,100
1555,1483.75,15,0,2,bkg,100
1556,1486.0,15,0,2,bkg,100
1557,1486.75,15,0,2,bkg,100
1558,1487.0,15,0,2,bkg,100
1559,1488.0,15,0,2,bkg,100
1560,1488.75,15,0,2,bkg,100
1561,1489.5,15,0,2,bkg,100
1562,1491.25,15,0,2,bkg,100
1563,1493.5,15,0,2,bkg,100
1564,1494.0,15,0,2,bkg,100
1565,1496.75,15,0,2,bkg,100
1566,1497.75,15,0,2,bkg,100
1567,1499.5,15,0,2,bkg,100
1568,1500.75,15,0,2,bkg,100
1569,1501.75,15,0,2,bkg,100
1570,1502.0,15,0,2,bkg,100
1571,1503.0,15,0,2,bkg,100
1572,1504.5,15,0,2,bkg,100
1573,1505.0,15,0,2,bkg,100
1574,1505.5,15,0,2,bkg,100
1575,1506.0,15,0,2,bkg,100
1576,1508.0,15,0,2,bkg,100
1577,1511.25,15,0,2,bkg,100
1578,1516.25,15,0,2,bkg,100
1579,1516.5,15,0,2,bkg,100
1580,1517.0,15,0,2,bkg,100
1581,1518.75,15,0,2,bkg,100
1582,1519.25,15,0,2,bkg,100
1583,1520.0,15,0,2,bkg,100
1584,1520.25,15,0,2,bkg,100
1585,1520.75,15,0,2,bkg,100
1586,1521.0,15,0,2,bkg,100
1587,1522.25,15,0,2,bkg,100
1588,1523.25,15,0,2,bkg,100
1589,1524.25,15,0,2,bkg,100
1590,1526.0,15,0,2,bkg,100
1591,1526.75,15,0,2,bkg,100
1592,1527.75,15,0,2,bkg,100
1593,1528.5,15,0,2,bkg,100
1594,1529.25,15,0,2,bkg,100
1595,1529.5,15,0,2,bkg,100
1596,1531.5,15,0,2,bkg,100
1597,1532.5,15,0,2,bkg,100
1598,1534.0,15,0,2,bkg,100
1599,1534.8637311492766,0,0,0,v1,478107198
1600,1535.25,15,0,2,bkg,100
1601,1535.5,15,0,2,bkg,100
1602,1536.75,15,0,2,bkg,100
1603,1537.75,15,0,2,bkg,100
1604,1539.25,15,0,2,bkg,100
1605,1544.75,15,0,2,bkg,100
1606,1546.25,15,0,2,bkg,100
1607,1547.75,15,0,2,bkg,100
1608,1548.75,15,0,2,bkg,100
1609,1549.75,15,0,2,bkg,100
1610,1550.75,15,0,2,bkg,100
1611,1553.75,15,0,2,bkg,100
1612,1554.5,15,0,2,bkg,100
1613,1555.5,15,0,2,bkg,100
1614,1555.75,15,0,2,bkg,100
1615,1556.5,15,0,2,bkg,100
1616,1557.0,15,0,2,bkg,100
1617,1557.25,15,0,2,bkg,100
1618,1558.0,15,0,2,bkg,100
1619,1558.75,15,0,2,bkg,100
1620,1561.0,15,0,2,bkg,100
1621,1563.75,15,0,2,bkg,100
1622,1564.75,15,0,2,bkg,100
1623,1565.25,15,0,2,bkg,100
1624,1566.5,15,0,2,bkg,100
1625,1566.75,15,0,2,bkg,100
1626,1567.0,15,0,2,bkg,100
1627,1568.0,15,0,2,bkg,100
1628,1568.5,15,0,2,bkg,100
1629,1568.75,15,0,2,bkg,100
1630,1569.75,15,0,2,bkg,100
1631,1570.75,15,0,2,bkg,100
1632,1571.0,15,0,2,bkg,100
1633,1571.25,15,0,2,bkg,100
1634,1573.25,15,0,2,bkg,100
1635,1573.75,15,0,2,bkg,100
1636,1575.0,15,0,2,bkg,100
1637,1575.11757335575,0,0,0,v1,478107198
1638,1576.25,15,0,2,bkg,100
1639,1578.0,15,0,2,bkg,100
1640,1579.0,15,0,2,bkg,100
1641,1579.25,15,0,2,bkg,100
1642,1579.5,15,0,2,bkg,100
1643,1579.75,15,0,2,bkg,100
1644,1580.25,15,0,2,bkg,100
1645,1580.5,15,0,2,bkg,100
1646,1581.25,15,0,2,bkg,100
1647,1582.9201606829724,1,0,0,v1,475622793
1648,1583.0,15,0,2,bkg,100
1649,1583.5,15,0,2,bkg,100
1650,1583.75,15,0,2,bkg,100
1651,1584.0,15,0,2,bkg,100
1652,1585.25,15,0,2,bkg,100
1653,1585.75,15,0,2,bkg,100
1654,1586.0,15,0,2,bkg,100
1655,1586.25,15,0,2,bkg,100
1656,1586.75,15,0,2,bkg,100
1657,1588.25,15,0,2,bkg,100
1658,1588.75,15,0,2,bkg,100
1659,1589.0,15,0,2,bkg,100
1660,1589.75,15,0,2,bkg,100
1661,1590.0,15,0,2,bkg,100
1662,1591.0,15,0,2,bkg,100
1663,1592.0,15,0,2,bkg,100
1664,1592.5,15,0,2,bkg,100
1665,1594.0,15,0,2,bkg,100
1666,1594.75,15,0,2,bkg,100
1667,1596.0,15,0,2,bkg,100
1668,1596.75,15,0,2,bkg,100
1669,1597.0,15,0,2,bkg,100
1670,1597.5,15,0,2,bkg,100
1671,1597.75,15,0,2,bkg,100
1672,1598.0,15,0,2,bkg,100
1673,1599.5,15,0,2,bkg,100
1674,1600.0376838158772,0,0,0,v1,478107198
1675,1600.75,15,0,2,bkg,100
1676,1601.25,15,0,2,bkg,100
1677,1602.25,15,0,2,bkg,100
1678,1602.75,15,0,2,bkg,100
1679,1603.5,15,0,2,bkg,100
1680,1604.25,15,0,2,bkg,100
1681,1606.5,15,0,2,bkg,100
1682,1607.75,15,0,2,bkg,100
1683,1608.75,15,0,2,bkg,100
1684,1609.75,15,0,2,bkg,100
1685,1610.0,15,0,2,bkg,100
1686,1610.5,15,0,2,bkg,100
1687,1611.0,15,0,2,bkg,100
1688,1612.0,15,0,2,bkg,100
1689,1613.5,15,0,2,bkg,100
1690,1614.25,15,0,2,bkg,100
1691,1614.5,15,0,2,bkg,100
1692,1617.25,15,0,2,bkg,100
1693,1617.5,15,0,2,bkg,100
1694,1617.75,15,0,2,bkg,100
1695,1618.75,15,0,2,bkg,100
1696,1619.0,15,0,2,bkg,100
1697,1623.0,15,0,2,bkg,100
1698,1623.5,15,0,2,bkg,100
1699,1624.5,15,0,2,bkg,100
1700,1625.75,15,0,2,bkg,100
1701,1626.5,15,0,2,bkg,100
1702,1627.25,15,0,2,bkg,100
1703,1627.5,15,0,2,bkg,100
1704,1627.75,15,0,2,bkg,100
1705,1628.5,15,0,2,bkg,100
1706,1629.5,15,0,2,bkg,100
1707,1630.0,15,0,2,bkg,100
1708,1631.75,15,0,2,bkg,100
1709,1632.0,15,0,2,bkg,100
1710,1633.25,15,0,2,bkg,100
1711,1634.0,15,0,2,bkg,100
1712,1638.0,15,0,2,bkg,100
1713,1638.25,15,0,2,bkg,100
1714,1638.5,15,0,2,bkg,100
1715,1639.0,15,0,2,bkg,100
1716,1639.25,15,0,2,bkg,100
1717,1640.0,15,0,2,bkg,100
1718,1640.5,15,0,2,bkg,100
1719,1641.25,15,0,2,bkg,100
1720,1642.0,15,0,2,bkg,100
1721,1643.0,15,0,2,bkg,100
1722,1643.25,15,0,2,bkg,100
1723,1643.5,15,0,2,bkg,100
1724,1643.75,15,0,2,bkg,100
1725,1644.75,15,0,2,bkg,100
1726,1646.25,15,0,2,bkg,100
1727,1646.3279115869175,0,0,0,v1,478107198
1728,1646.4431536564482,1,0,0,v1,475622793
1729,1646.5,15,0,2,bkg,100
1730,1648.25,15,0,2,bkg,100
1731,1650.25,15,0,2,bkg,100
1732,1651.0,15,0,2,bkg,100
1733,1652.0,15,0,2,bkg,100
1734,1652.75,15,0,2,bkg,100
1735,1654.75,15,0,2,bkg,100
1736,1655.0,15,0,2,bkg,100
1737,1656.5,15,0,2,bkg,100
1738,1658.75,15,0,2,bkg,100
1739,1659.0,15,0,2,bkg,100
1740,1659.25,15,0,2,bkg,100
1741,1660.25,15,0,2,bkg,100
1742,1661.25,15,0,2,bkg,100
1743,1661.5,15,0,2,bkg,100
1744,1662.5,15,0,2,bkg,100
1745,1663.25,15,0,2,bkg,100
1746,1663.75,15,0,2,bkg,100
1747,1665.0,15,0,2,bkg,100
1748,1665.5,15,0,2,bkg,100
1749,1666.0,15,0,2,bkg,100
1750,1666.75,15,0,2,bkg,100
1751,1667.5,15,0,2,bkg,100
1752,1669.75,15,0,2,bkg,100
1753,1672.5,15,0,2,bkg,100
1754,1673.75,15,0,2,bkg,100
1755,1674.75,15,0,2,bkg,100
1756,1675.25,15,0,2,bkg,100
1757,1675.75,15,0,2,bkg,100
1758,1677.0,15,0,2,bkg,100
1759,1683.0,15,0,2,bkg,100
1760,1683.75,15,0,2,bkg,100
1761,1684.0,15,0,2,bkg,100
1762,1684.5,15,0,2,bkg,100
1763,1685.0,15,0,2,bkg,100
1764,1687.0,15,0,2,bkg,100
1765,1687.25,15,0,2,bkg,100
1766,1689.5,15,0,2,bkg,100
1767,1692.0,15,0,2,bkg,100
1768,1693.0,15,0,2,bkg,100
1769,1693.5,15,0,2,bkg,100
1770,1693.75,15,0,2,bkg,100
1771,1694.5,15,0,2,bkg,100
1772,1695.25,15,0,2,bkg,100
1773,1695.75,15,0,2,bkg,100
1774,1699.5,15,0,2,bkg,100
1775,1699.75,15,0,2,bkg,100
1776,1700.25,15,0,2,bkg,100
1777,1703.0,15,0,2,bkg,100
1778,1703.25,15,0,2,bkg,100
1779,1703.75,15,0,2,bkg,100
1780,1704.5,15,0,2,bkg,100
1781,1705.25,15,0,2,bkg,100
1782,1705.5,15,0,2,bkg,100
1783,1705.75,15,0,2,bkg,100
1784,1706.25,15,0,2,bkg,100
1785,1706.5,15,0,2,bkg,100
1786,1707.25,15,0,2,bkg,100
1787,1709.0739568134113,0,0,0,v1,478107198
1788,1709.25,15,0,2,bkg,100
1789,1709.5,15,0,2,bkg,100
1790,1709.637690960644,1,0,0,v1,475622793
1791,1710.0,15,0,2,bkg,100
1792,1711.0,15,0,2,bkg,100
1793,1711.25,15,0,2,bkg,100
1794,1712.0,15,0,2,bkg,100
1795,1712.25,15,0,2,bkg,100
1796,1713.25,15,0,2,bkg,100
1797,1714.25,15,0,2,bkg,100
1798,1714.5,15,0,2,bkg,100
1799,1716.0,15,0,2,bkg,100
1800,1716.5,15,0,2,bkg,100
1801,1716.75,15,0,2,bkg,100
1802,1717.0,15,0,2,bkg,100
1803,1718.25,15,0,2,bkg,100
1804,1718.75,15,0,2,bkg,100
1805,1719.25,15,0,2,bkg,100
1806,1719.75,15,0,2,bkg,100
1807,1720.5,15,0,2,bkg,100
1808,1722.0,15,0,2,bkg,100
1809,1722.25,15,0,2,bkg,100
1810,1723.75,15,0,2,bkg,100
1811,1724.0,15,0,2,bkg,100
1812,1724.75,15,0,2,bkg,100
1813,1726.0,15,0,2,bkg,100
1814,1726.5,15,0,2,bkg,100
1815,1726.75,15,0,2,bkg,100
1816,1729.0,15,0,2,bkg,100
1817,1729.25,15,0,2,bkg,100
1818,1729.75,15,0,2,bkg,100
1819,1730.75,15,0,2,bkg,100
1820,1731.0,15,0,2,bkg,100
1821,1731.75,15,0,2,bkg,100
1822,1732.25,15,0,2,bkg,100
1823,1734.0,15,0,2,bkg,100
1824,1734.75,15,0,2,bkg,100
1825,1735.0,15,0,2,bkg,100
1826,1736.25,15,0,2,bkg,100
1827,1737.0,15,0,2,bkg,100
1828,1739.5,15,0,2,bkg,100
1829,1740.5,15,0,2,bkg,100
1830,1742.75,15,0,2,bkg,100
1831,1743.25,15,0,2,bkg,100
1832,1744.25,15,0,2,bkg,100
1833,1744.5,15,0,2,bkg,100
1834,1745.0,15,0,2,bkg,100
1835,1746.25,15,0,2,bkg,100
1836,1746.5,15,0,2,bkg,100
1837,1748.75,15,0,2,bkg,100
1838,1749.5,15,0,2,bkg,100
1839,1749.75,15,0,2,bkg,100
1840,1751.75,15,0,2,bkg,100
1841,1753.5,15,0,2,bkg,100
1842,1753.75,15,0,2,bkg,100
1843,1754.5,15,0,2,bkg,100
1844,1755.25,15,0,2,bkg,100
1845,1757.0,15,0,2,bkg,100
1846,1758.0,15,0,2,bkg,100
1847,1758.5,15,0,2,bkg,100
1848,1758.75,15,0,2,bkg,100
1849,1760.25,15,0,2,bkg,100
1850,1760.5,15,0,2,bkg,100
1851,1763.2053042112275,0,0,0,v1,478107198
1852,1764.5,15,0,2,bkg,100
1853,1765.0,15,0,2,bkg,100
1854,1765.75,15,0,2,bkg,100
1855,1766.25,15,0,2,bkg,100
1856,1767.0,15,0,2,bkg,100
1857,1768.0,15,0,2,bkg,100
1858,1768.25,15,0,2,bkg,100
1859,1771.75,15,0,2,bkg,100
1860,1772.25,15,0,2,bkg,100
1861,1773.0,15,0,2,bkg,100
1862,1774.25,15,0,2,bkg,100
1863,1774.5,15,0,2,bkg,100
1864,1776.25,15,0,2,bkg,100
1865,1777.0,15,0,2,bkg,100
1866,1777.5,15,0,2,bkg,100
1867,1779.5,15,0,2,bkg,100
1868,1779.75,15,0,2,bkg,100
1869,1781.5,15,0,2,bkg,100
1870,1784.75,15,0,2,bkg,100
1871,1785.0,15,0,2,bkg,100
1872,1786.25,15,0,2,bkg,100
1873,1787.0,15,0,2,bkg,100
1874,1787.5,15,0,2,bkg,100
1875,1788.75,15,0,2,bkg,100
1876,1789.0,15,0,2,bkg,100
1877,1790.5,15,0,2,bkg,100
1878,1792.25,15,0,2,bkg,100
1879,1792.5,15,0,2,bkg,100
1880,1792.75,15,0,2,bkg,100
1881,1793.0,15,0,2,bkg,100
1882,1793.5,15,0,2,bkg,100
1883,1795.0,15,0,2,bkg,100
1884,1795.5,15,0,2,bkg,100
1885,1796.0,15,0,2,bkg,100
1886,1797.0,15,0,2,bkg,100
1887,1798.0,15,0,2,bkg,100
1888,1798.5,15,0,2,bkg,100
1889,1799.0,15,0,2,bkg,100
1890,1801.0,15,0,2,bkg,100
1891,1802.0,15,0,2,bkg,100
1892,1802.25,15,0,2,bkg,100
1893,1803.1397593100594,0,0,0,v1,478107198
1894,1803.75,15,0,2,bkg,100
1895,1804.25,15,0,2,bkg,100
1896,1806.25,15,0,2,bkg,100
1897,1808.0,15,0,2,bkg,100
1898,1809.25,15,0,2,bkg,100
1899,1810.0,15,0,2,bkg,100
1900,1811.75,15,0,2,bkg,100
1901,1812.75,15,0,2,bkg,100
1902,1813.0,15,0,2,bkg,100
1903,1813.5,15,0,2,bkg,100
1904,1814.5,15,0,2,bkg,100
1905,1814.75,15,0,2,bkg,100
1906,1815.25,15,0,2,bkg,100
1907,1816.5,15,0,2,bkg,100
1908,1818.0,15,0,2,bkg,100
1909,1818.75,15,0,2,bkg,100
1910,1819.25,15,0,2,bkg,100
1911,1819.75,15,0,2,bkg,100
1912,1820.75,15,0,2,bkg,100
1913,1821.75,15,0,2,bkg,100
1914,1824.5,15,0,2,bkg,100
1915,1824.75,15,0,2,bkg,100
1916,1828.5,15,0,2,bkg,100
1917,1833.5,15,0,2,bkg,100
1918,1835.5,15,0,2,bkg,100
1919,1836.0,15,0,2,bkg,100
1920,1837.25,15,0,2,bkg,100
1921,1837.5,15,0,2,bkg,100
1922,1837.75,15,0,2,bkg,100
1923,1839.75,15,0,2,bkg,100
1924,1840.25,15,0,2,bkg,100
1925,1841.25,15,0,2,bkg,100
1926,1841.5,15,0,2,bkg,100
1927,1841.75,15,0,2,bkg,100
1928,1843.5,15,0,2,bkg,100
1929,1844.25,15,0,2,bkg,100
1930,1846.75,15,0,2,bkg,100
1931,1847.5,15,0,2,bkg,100
1932,1848.25,15,0,2,bkg,100
1933,1849.0,15,0,2,bkg,100
1934,1853.75,15,0,2,bkg,100
1935,1854.5,15,0,2,bkg,100
1936,1855.0,15,0,2,bkg,100
1937,1855.5,15,0,2,bkg,100
1938,1856.25,15,0,2,bkg,100
1939,1856.5,15,0,2,bkg,100
1940,1857.75,15,0,2,bkg,100
1941,1858.0,15,0,2,bkg,100
1942,1862.75,15,0,2,bkg,100
1943,1863.75,15,0,2,bkg,100
1944,1864.5,15,0,2,bkg,100
1945,1866.5,15,0,2,bkg,100
1946,1866.75,15,0,2,bkg,100
1947,1867.75,15,0,2,bkg,100
1948,1868.25,15,0,2,bkg,100
1949,1868.5,15,0,2,bkg,100
1950,1871.25,15,0,2,bkg,100
1951,1872.0,15,0,2,bkg,100
1952,1872.75,15,0,2,bkg,100
1953,1876.5,15,0,2,bkg,100
1954,1877.25,15,0,2,bkg,100
1955,1878.5,15,0,2,bkg,100
1956,1879.75,15,0,2,bkg,100
1957,1880.0,15,0,2,bkg,100
1958,1880.25,15,0,2,bkg,100
1959,1881.0,15,0,2,bkg,100
1960,1882.75,15,0,2,bkg,100
1961,1884.25,15,0,2,bkg,100
1962,1884.5,15,0,2,bkg,100
1963,1884.75,15,0,2,bkg,100
1964,1885.5842281078571,0,0,0,v1,478107198
1965,1885.75,15,0,2,bkg,100
1966,1886.0,15,0,2,bkg,100
1967,1886.25,15,0,2,bkg,100
1968,1887.0,15,0,2,bkg,100
1969,1887.25,15,0,2,bkg,100
1970,1889.0,15,0,2,bkg,100
1971,1889.25,15,0,2,bkg,100
1972,1889.69624434095,1,0,0,v1,475622793
1973,1889.75,15,0,2,bkg,100
1974,1891.25,15,0,2,bkg,100
1975,1892.0,15,0,2,bkg,100
1976,1892.25,15,0,2,bkg,100
1977,1892.75,15,0,2,bkg,100
1978,1894.0,15,0,2,bkg,100
1979,1895.0,15,0,2,bkg,100
1980,1895.5,15,0,2,bkg,100
1981,1896.5,15,0,2,bkg,100
1982,1898.25,15,0,2,bkg,100
1983,1899.75,15,0,2,bkg,100
1984,1900.25,15,0,2,bkg,100
1985,1901.0,15,0,2,bkg,100
1986,1902.25,15,0,2,bkg,100
1987,1905.25,15,0,2,bkg,100
1988,1905.75,15,0,2,bkg,100
1989,1906.25,15,0,2,bkg,100
1990,1910.75,15,0,2,bkg,100
1991,1911.0,15,0,2,bkg,100
1992,1911.25,15,0,2,bkg,100
1993,1912.75,15,0,2,bkg,100
1994,1913.25,15,0,2,bkg,100
1995,1916.25,15,0,2,bkg,100
1996,1916.5,15,0,2,bkg,100
1997,1917.25,15,0,2,bkg,100
1998,1918.5,15,0,2,bkg,100
1999,1918.75,15,0,2,bkg,100
2000,1919.75,15,0,2,bkg,100
2001,1920.25,15,0,2,bkg,100
2002,1921.5,15,0,2,bkg,100
2003,1921.75,15,0,2,bkg,100
2004,1922.5,15,0,2,bkg,100
2005,1923.5,15,0,2,bkg,100
2006,1923.75,15,0,2,bkg,100
2007,1925.0,15,0,2,bkg,100
2008,1926.0,15,0,2,bkg,100
2009,1926.5,15,0,2,bkg,100
2010,1928.1474620421077,0,0,0,v1,478107198
2011,1928.5,15,0,2,bkg,100
2012,1928.75,15,0,2,bkg,100
2013,1930.25,15,0,2,bkg,100
2014,1933.0,15,0,2,bkg,100
2015,1933.5,15,0,2,bkg,100
2016,1935.0,15,0,2,bkg,100
2017,1935.25,15,0,2,bkg,100
2018,1935.5,15,0,2,bkg,100
2019,1936.75,15,0,2,bkg,100
2020,1937.5,15,0,2,bkg,100
2021,1939.5,15,0,2,bkg,100
2022,1939.75,15,0,2,bkg,100
2023,1940.25,15,0,2,bkg,100
2024,1941.75,15,0,2,bkg,100
2025,1943.25,15,0,2,bkg,100
2026,1944.25,15,0,2,bkg,100
2027,1946.0,15,0,2,bkg,100
2028,1946.25,15,0,2,bkg,100
2029,1947.75,15,0,2,bkg,100
2030,1949.25,15,0,2,bkg,100
2031,1949.75,15,0,2,bkg,100
2032,1950.25,15,0,2,bkg,100
2033,1950.75,15,0,2,bkg,100
2034,1951.5,15,0,2,bkg,100
2035,1952.25,15,0,2,bkg,100
2036,1952.75,15,0,2,bkg,100
2037,1953.25,15,0,2,bkg,100
2038,1954.25,15,0,2,bkg,100
2039,1954.5,15,0,2,bkg,100
2040,1954.75,15,0,2,bkg,100
2041,1955.25,15,0,2,bkg,100
2042,1955.5,15,0,2,bkg,100
2043,1956.5,15,0,2,bkg,100
2044,1957.0,15,0,2,bkg,100
2045,1957.6186824522229,1,0,0,v1,475622793
2046,1957.75,15,0,2,bkg,100
2047,1957.898477981282,0,0,0,v1,478107198
2048,1960.0,15,0,2,bkg,100
2049,1960.75,15,0,2,bkg,100
2050,1961.75,15,0,2,bkg,100
2051,1962.75,15,0,2,bkg,100
2052,1963.0,15,0,2,bkg,100
2053,1963.25,15,0,2,bkg,100
2054,1964.5,15,0,2,bkg,100
2055,1965.5,15,0,2,bkg,100
2056,1967.5,15,0,2,bkg,100
2057,1968.75,15,0,2,bkg,100
2058,1970.5,15,0,2,bkg,100
2059,1970.75,15,0,2,bkg,100
2060,1971.0,15,0,2,bkg,100
2061,1972.75,15,0,2,bkg,100
2062,1973.75,15,0,2,bkg,100
2063,1974.75,15,0,2,bkg,100
2064,1975.0,15,0,2,bkg,100
2065,1976.5,15,0,2,bkg,100
2066,1977.5,15,0,2,bkg,100
2067,1979.5,15,0,2,bkg,100
2068,1979.75,15,0,2,bkg,100
2069,1981.75,15,0,2,bkg,100
2070,1985.75,15,0,2,bkg,100
2071,1986.0,15,0,2,bkg,100
2072,1986.25,15,0,2,bkg,100
2073,1987.0,15,0,2,bkg,100
2074,1987.5,15,0,2,bkg,100
2075,1989.25,15,0,2,bkg,100
2076,1989.75,15,0,2,bkg,100
2077,1990.0,15,0,2,bkg,100
2078,1990.5,15,0,2,bkg,100
2079,1991.25,15,0,2,bkg,100
2080,1992.0,15,0,2,bkg,100
2081,1992.5,15,0,2,bkg,100
2082,1994.5,15,0,2,bkg,100
2083,1997.25,15,0,2,bkg,100
2084,1999.5,15,0,2,bkg,100
2085,1999.75,15,0,2,bkg,100
2086,2001.25,15,0,2,bkg,100
2087,2001.5,15,0,2,bkg,100
2088,2002.25,15,0,2,bkg,100
2089,2003.0,15,0,2,bkg,100
2090,2003.5,15,0,2,bkg,100
2091,2004.25,15,0,2,bkg,100
2092,2005.5,15,0,2,bkg,100
2093,2007.5,15,0,2,bkg,100
2094,2008.25,15,0,2,bkg,100
2095,2008.75,15,0,2,bkg,100
2096,2009.25,15,0,2,bkg,100
2097,2010.0,15,0,2,bkg,100
2098,2010.25,15,0,2,bkg,100
2099,2011.5,15,0,2,bkg,100
2100,2012.5,15,0,2,bkg,100
2101,2012.75,15,0,2,bkg,100
2102,2012.795856097193,0,0,0,v1,478107198
2103,2013.25,15,0,2,bkg,100
2104,2015.25,15,0,2,bkg,100
2105,2015.75,15,0,2,bkg,100
2106,2017.0,15,0,2,bkg,100
2107,2017.5,15,0,2,bkg,100
2108,2018.5,15,0,2,bkg,100
2109,2018.75,15,0,2,bkg,100
2110,2019.25,15,0,2,bkg,100
2111,2019.75,15,0,2,bkg,100
2112,2021.0,15,0,2,bkg,100
2113,2021.25,15,0,2,bkg,100
2114,2022.5,15,0,2,bkg,100
2115,2022.75,15,0,2,bkg,100
2116,2023.0,15,0,2,bkg,100
2117,2023.75,15,0,2,bkg,100
2118,2024.25,15,0,2,bkg,100
2119,2025.75,15,0,2,bkg,100
2120,2027.0,15,0,2,bkg,100
2121,2027.25,15,0,2,bkg,100
2122,2028.0,15,0,2,bkg,100
2123,2028.25,15,0,2,bkg,100
2124,2030.5,15,0,2,bkg,100
2125,2031.0,15,0,2,bkg,100
2126,2031.25,15,0,2,bkg,100
2127,2032.25,15,0,2,bkg,100
2128,2032.5,15,0,2,bkg,100
2129,2033.25,15,0,2,bkg,100
2130,2033.75,15,0,2,bkg,100
2131,2034.5,15,0,2,bkg,100
2132,2036.25,15,0,2,bkg,100
2133,2037.25,15,0,2,bkg,100
2134,2037.75,15,0,2,bkg,100
2135,2038.25,15,0,2,bkg,100
2136,2040.0,15,0,2,bkg,100
2137,2040.5,15,0,2,bkg,100
2138,2041.5,15,0,2,bkg,100
2139,2042.25,15,0,2,bkg,100
2140,2042.75,15,0,2,bkg,100
2141,2043.5,15,0,2,bkg,100
2142,2043.75,15,0,2,bkg,100
2143,2044.6960756079848,0,0,0,v1,478107198
2144,2047.25,15,0,2,bkg,100
2145,2047.5,15,0,2,bkg,100
2146,2050.5,15,0,2,bkg,100
2147,2050.75,15,0,2,bkg,100
2148,2053.5,15,0,2,bkg,100
2149,2053.75,15,0,2,bkg,100
2150,2056.0,15,0,2,bkg,100
2151,2056.25,15,0,2,bkg,100
2152,2056.5,15,0,2,bkg,100
2153,2058.5,15,0,2,bkg,100
2154,2061.25,15,0,2,bkg,100
2155,2061.75,15,0,2,bkg,100
2156,2062.5,15,0,2,bkg,100
2157,2063.0,15,0,2,bkg,100
2158,2063.25,15,0,2,bkg,100
2159,2064.0,15,0,2,bkg,100
2160,2065.0,15,0,2,bkg,100
2161,2065.5,15,0,2,bkg,100
2162,2068.0,15,0,2,bkg,100
2163,2069.0,15,0,2,bkg,100
2164,2069.25,15,0,2,bkg,100
2165,2069.75,15,0,2,bkg,100
2166,2070.5,15,0,2,bkg,100
2167,2071.0,15,0,2,bkg,100
2168,2071.25,15,0,2,bkg,100
2169,2071.5,15,0,2,bkg,100
2170,2072.75,15,0,2,bkg,100
2171,2073.5,15,0,2,bkg,100
2172,2075.25,15,0,2,bkg,100
2173,2075.5,15,0,2,bkg,100
2174,2075.75,15,0,2,bkg,100
2175,2076.0,15,0,2,bkg,100
2176,2077.5,15,0,2,bkg,100
2177,2077.75,15,0,2,bkg,100
2178,2078.217117946859,1,0,0,v1,475622793
2179,2079.0,15,0,2,bkg,100
2180,2079.5,15,0,2,bkg,100
2181,2080.520588765394,0,0,0,v1,478107198
2182,2081.5,15,0,2,bkg,100
2183,2081.75,15,0,2,bkg,100
2184,2082.0,15,0,2,bkg,100
2185,2084.75,15,0,2,bkg,100
2186,2085.0,15,0,2,bkg,100
2187,2090.75,15,0,2,bkg,100
2188,2091.0,15,0,2,bkg,100
2189,2091.25,15,0,2,bkg,100
2190,2091.5,15,0,2,bkg,100
2191,2091.75,15,0,2,bkg,100
2192,2092.0,15,0,2,bkg,100
2193,2092.25,15,0,2,bkg,100
2194,2092.75,15,0,2,bkg,100
2195,2093.0,15,0,2,bkg,100
2196,2093.5,15,0,2,bkg,100
2197,2095.75,15,0,2,bkg,100
2198,2096.0,15,0,2,bkg,100
2199,2096.0666511210416,1,0,0,v1,475622793
2200,2097.25,15,0,2,bkg,100
2201,2099.5,15,0,2,bkg,100
2202,2100.75,15,0,2,bkg,100
2203,2101.25,15,0,2,bkg,100
2204,2101.75,15,0,2,bkg,100
2205,2102.5,15,0,2,bkg,100
2206,2103.5,15,0,2,bkg,100
2207,2104.25,15,0,2,bkg,100
2208,2104.75,15,0,2,bkg,100
2209,2105.0,15,0,2,bkg,100
2210,2105.75,15,0,2,bkg,100
2211,2106.75,15,0,2,bkg,100
2212,2108.0,15,0,2,bkg,100
2213,2108.5,15,0,2,bkg,100
2214,2109.0,15,0,2,bkg,100
2215,2110.25,15,0,2,bkg,100
2216,2112.5,15,0,2,bkg,100
2217,2113.75,15,0,2,bkg,100
2218,2114.25,15,0,2,bkg,100
2219,2114.5,15,0,2,bkg,100
2220,2114.75,15,0,2,bkg,100
2221,2115.0,15,0,2,bkg,100
2222,2115.75,15,0,2,bkg,100
2223,2121.0,15,0,2,bkg,100
2224,2123.25,15,0,2,bkg,100
2225,2124.5,15,0,2,bkg,100
2226,2125.5,15,0,2,bkg,100
2227,2126.5,15,0,2,bkg,100
2228,2127.5,15,0,2,bkg,100
2229,2128.0,15,0,2,bkg,100
2230,2128.25,15,0,2,bkg,100
2231,2128.75,15,0,2,bkg,100
2232,2130.25,15,0,2,bkg,100
2233,2132.5,15,0,2,bkg,100
2234,2132.75,15,0,2,bkg,100
2235,2134.25,15,0,2,bkg,100
2236,2134.5,15,0,2,bkg,100
2237,2135.25,15,0,2,bkg,100
2238,2135.75,15,0,2,bkg,100
2239,2136.25,15,0,2,bkg,100
2240,2136.75,15,0,2,bkg,100
2241,2137.75,15,0,2,bkg,100
2242,2138.25,15,0,2,bkg,100
2243,2138.5,15,0,2,bkg,100
2244,2138.75,15,0,2,bkg,100
2245,2139.641453120646,0,0,0,v1,478107198
2246,2139.75,15,0,2,bkg,100
2247,2141.75,15,0,2,bkg,100
2248,2142.0,15,0,2,bkg,100
2249,2143.0,15,0,2,bkg,100
2250,2144.5,15,0,2,bkg,100
2251,2149.25,15,0,2,bkg,100
2252,2150.0,15,0,2,bkg,100
2253,2151.5,15,0,2,bkg,100
2254,2152.0,15,0,2,bkg,100
2255,2152.25,15,0,2,bkg,100
2256,2156.5,15,0,2,bkg,100
2257,2157.75,15,0,2,bkg,100
2258,2159.0,15,0,2,bkg,100
2259,2159.25,15,0,2,bkg,100
2260,2161.0,15,0,2,bkg,100
2261,2163.0,15,0,2,bkg,100
2262,2163.25,15,0,2,bkg,100
2263,2164.75,15,0,2,bkg,100
2264,2165.25,15,0,2,bkg,100
2265,2165.5,15,0,2,bkg,100
2266,2167.0,15,0,2,bkg,100
2267,2168.75,15,0,2,bkg,100
2268,2169.0,15,0,2,bkg,100
2269,2169.25,15,0,2,bkg,100
2270,2169.75,15,0,2,bkg,100
2271,2170.25,15,0,2,bkg,100
2272,2171.25,15,0,2,bkg,100
2273,2171.5,15,0,2,bkg,100
2274,2171.75,15,0,2,bkg,100
2275,2173.25,15,0,2,bkg,100
2276,2173.75,15,0,2,bkg,100
2277,2174.25,15,0,2,bkg,100
2278,2176.5,15,0,2,bkg,100
2279,2176.75,15,0,2,bkg,100
2280,2177.0,15,0,2,bkg,100
2281,2177.5,15,0,2,bkg,100
2282,2179.416425205869,0,0,0,v1,478107198
2283,2180.5,15,0,2,bkg,100
2284,2181.25,15,0,2,bkg,100
2285,2181.5,15,0,2,bkg,100
2286,2182.5,15,0,2,bkg,100
2287,2182.75,15,0,2,bkg,100
2288,2184.25,15,0,2,bkg,100
2289,2185.25,15,0,2,bkg,100
2290,2185.75,15,0,2,bkg,100
2291,2186.75,15,0,2,bkg,100
2292,2187.5,15,0,2,bkg,100
2293,2188.0,15,0,2,bkg,100
2294,2189.25,15,0,2,bkg,100
2295,2189.75,15,0,2,bkg,100
2296,2190.0,15,0,2,bkg,100
2297,2190.25,15,0,2,bkg,100
2298,2193.75,15,0,2,bkg,100
2299,2195.5,15,0,2,bkg,100
2300,2196.0,15,0,2,bkg,100
2301,2197.75,15,0,2,bkg,100
2302,2198.25,15,0,2,bkg,100
2303,2201.75,15,0,2,bkg,100
2304,2203.0,15,0,2,bkg,100
2305,2203.5,15,0,2,bkg,100
2306,2203.75,15,0,2,bkg,100
2307,2204.25,15,0,2,bkg,100
2308,2204.5,15,0,2,bkg,100
2309,2205.5,15,0,2,bkg,100
2310,2206.0,15,0,2,bkg,100
2311,2206.25,15,0,2,bkg,100
2312,2206.5,15,0,2,bkg,100
2313,2206.75,15,0,2,bkg,100
2314,2208.0,15,0,2,bkg,100
2315,2209.2263545774426,1,0,0,v1,475622793
2316,2210.75,15,0,2,bkg,100
2317,2211.0,15,0,2,bkg,100
2318,2212.5,15,0,2,bkg,100
2319,2212.75,15,0,2,bkg,100
2320,2213.75,15,0,2,bkg,100
2321,2215.0,15,0,2,bkg,100
2322,2217.5,15,0,2,bkg,100
2323,2218.0,15,0,2,bkg,100
2324,2219.5,15,0,2,bkg,100
2325,2220.75,15,0,2,bkg,100
2326,2221.75,15,0,2,bkg,100
2327,2222.0,15,0,2,bkg,100
2328,2223.5,15,0,2,bkg,100
2329,2225.25,15,0,2,bkg,100
2330,2226.0,15,0,2,bkg,100
2331,2227.0,15,0,2,bkg,100
2332,2227.25,15,0,2,bkg,100
2333,2227.75,15,0,2,bkg,100
2334,2228.0,15,0,2,bkg,100
2335,2228.25,15,0,2,bkg,100
2336,2228.5,15,0,2,bkg,100
2337,2229.5,15,0,2,bkg,100
2338,2230.25,15,0,2,bkg,100
2339,2230.75,15,0,2,bkg,100
2340,2231.0,15,0,2,bkg,100
2341,2231.0293372555293,0,0,0,v1,478107198
2342,2233.0,15,0,2,bkg,100
2343,2233.5,15,0,2,bkg,100
2344,2234.0,15,0,2,bkg,100
2345,2234.75,15,0,2,bkg,100
2346,2235.0,15,0,2,bkg,100
2347,2235.25,15,0,2,bkg,100
2348,2235.75,15,0,2,bkg,100
2349,2236.5,15,0,2,bkg,100
2350,2236.75,15,0,2,bkg,100
2351,2239.25,15,0,2,bkg,100
2352,2240.25,15,0,2,bkg,100
2353,2241.25,15,0,2,bkg,100
2354,2241.75,15,0,2,bkg,100
2355,2242.25,15,0,2,bkg,100
2356,2243.25,15,0,2,bkg,100
2357,2243.5,15,0,2,bkg,100
2358,2243.75,15,0,2,bkg,100
2359,2244.0,15,0,2,bkg,100
2360,2246.25,15,0,2,bkg,100
2361,2247.0,15,0,2,bkg,100
2362,2249.75,15,0,2,bkg,100
2363,2250.5,15,0,2,bkg,100
2364,2251.5,15,0,2,bkg,100
2365,2252.0,15,0,2,bkg,100
2366,2252.5,15,0,2,bkg,100
2367,2254.0,15,0,2,bkg,100
2368,2254.75,15,0,2,bkg,100
2369,2256.25,15,0,2,bkg,100
2370,2257.0,15,0,2,bkg,100
2371,2257.25,15,0,2,bkg,100
2372,2258.0,15,0,2,bkg,100
2373,2259.75,15,0,2,bkg,100
2374,2260.0,15,0,2,bkg,100
2375,2261.5,15,0,2,bkg,100
2376,2262.0,15,0,2,bkg,100
2377,2263.0,15,0,2,bkg,100
2378,2263.5,15,0,2,bkg,100
2379,2264.0,15,0,2,bkg,100
2380,2264.5,15,0,2,bkg,100
2381,2266.5,15,0,2,bkg,100
2382,2267.25,15,0,2,bkg,100
2383,2267.5,15,0,2,bkg,100
2384,2268.75,15,0,2,bkg,100
2385,2269.25,15,0,2,bkg,100
2386,2272.0,15,0,2,bkg,100
2387,2272.25,15,0,2,bkg,100
2388,2273.25,15,0,2,bkg,100
2389,2273.5,15,0,2,bkg,100
2390,2273.75,15,0,2,bkg,100
2391,2274.5,15,0,2,bkg,100
2392,2276.730261476258,0,0,0,v1,478107198
2393,2277.25,15,0,2,bkg,100
2394,2278.75,15,0,2,bkg,100
2395,2279.75,15,0,2,bkg,100
2396,2280.5,15,0,2,bkg,100
2397,2281.25,15,0,2,bkg,100
2398,2282.25,15,0,2,bkg,100
2399,2283.25,15,0,2,bkg,100
2400,2284.75,15,0,2,bkg,100
2401,2285.25,15,0,2,bkg,100
2402,2285.5,15,0,2,bkg,100
2403,2285.75,15,0,2,bkg,100
2404,2287.5,15,0,2,bkg,100
2405,2288.0,15,0,2,bkg,100
2406,2289.75,15,0,2,bkg,100
2407,2291.25,15,0,2,bkg,100
2408,2292.25,15,0,2,bkg,100
2409,2292.75,15,0,2,bkg,100
2410,2294.0,15,0,2,bkg,100
2411,2295.75,15,0,2,bkg,100
2412,2297.75,15,0,2,bkg,100
2413,2298.25,15,0,2,bkg,100
2414,2298.75,15,0,2,bkg,100
2415,2300.0,15,0,2,bkg,100
2416,2301.75,15,0,2,bkg,100
2417,2302.25,15,0,2,bkg,100
2418,2302.75,15,0,2,bkg,100
2419,2303.25,15,0,2,bkg,100
2420,2303.75,15,0,2,bkg,100
2421,2304.0,15,0,2,bkg,100
2422,2304.75,15,0,2,bkg,100
2423,2305.0,15,0,2,bkg,100
2424,2305.25,15,0,2,bkg,100
2425,2307.25,15,0,2,bkg,100
2426,2307.8926688886645,1,0,0,v1,475622793
2427,2309.25,15,0,2,bkg,100
2428,2310.25,15,0,2,bkg,100
2429,2311.0,15,0,2,bkg,100
2430,2312.25,15,0,2,bkg,100
2431,2312.5,15,0,2,bkg,100
2432,2314.0,15,0,2,bkg,100
2433,2315.0,15,0,2,bkg,100
2434,2315.75,15,0,2,bkg,100
2435,2316.25,15,0,2,bkg,100
2436,2316.75,15,0,2,bkg,100
2437,2318.0,15,0,2,bkg,100
2438,2318.25,15,0,2,bkg,100
2439,2318.5,15,0,2,bkg,100
2440,2318.75,15,0,2,bkg,100
2441,2319.25,15,0,2,bkg,100
2442,2319.75,15,0,2,bkg,100
2443,2320.25,15,0,2,bkg,100
2444,2320.6710072940064,0,0,0,v1,478107198
2445,2324.25,15,0,2,bkg,100
2446,2324.75,15,0,2,bkg,100
2447,2325.5,15,0,2,bkg,100
2448,2325.75,15,0,2,bkg,100
2449,2326.75,15,0,2,bkg,100
2450,2328.25,15,0,2,bkg,100
2451,2328.75,15,0,2,bkg,100
2452,2329.25,15,0,2,bkg,100
2453,2329.5,15,0,2,bkg,100
2454,2329.75,15,0,2,bkg,100
2455,2330.75,15,0,2,bkg,100
2456,2331.75,15,0,2,bkg,100
2457,2332.75,15,0,2,bkg,100
2458,2333.25,15,0,2,bkg,100
2459,2334.25,15,0,2,bkg,100
2460,2334.5,15,0,2,bkg,100
2461,2335.25,15,0,2,bkg,100
2462,2336.75,15,0,2,bkg,100
2463,2341.0,15,0,2,bkg,100
2464,2341.25,15,0,2,bkg,100
2465,2343.5,15,0,2,bkg,100
2466,2344.0,15,0,2,bkg,100
2467,2344.25,15,0,2,bkg,100
2468,2345.75,15,0,2,bkg,100
2469,2348.0,15,0,2,bkg,100
2470,2349.0,15,0,2,bkg,100
2471,2349.25,15,0,2,bkg,100
2472,2349.5,15,0,2,bkg,100
2473,2349.75,15,0,2,bkg,100
2474,2350.5,15,0,2,bkg,100
2475,2352.0,15,0,2,bkg,100
2476,2353.0,15,0,2,bkg,100
2477,2353.75,15,0,2,bkg,100
2478,2354.5,15,0,2,bkg,100
2479,2356.25,15,0,2,bkg,100
2480,2356.5,15,0,2,bkg,100
2481,2358.5,15,0,2,bkg,100
2482,2362.5,15,0,2,bkg,100
2483,2364.25,15,0,2,bkg,100
2484,2364.75,15,0,2,bkg,100
2485,2366.5,15,0,2,bkg,100
2486,2367.25,15,0,2,bkg,100
2487,2367.75,15,0,2,bkg,100
2488,2368.5,15,0,2,bkg,100
2489,2369.75,15,0,2,bkg,100
2490,2370.0,15,0,2,bkg,100
2491,2370.25,15,0,2,bkg,100
2492,2370.5,15,0,2,bkg,100
2493,2371.0,15,0,2,bkg,100
2494,2372.75,15,0,2,bkg,100
2495,2374.25,15,0,2,bkg,100
2496,2374.75,15,0,2,bkg,100
2497,2375.752352308661,0,0,0,v1,478107198
2498,2377.0,15,0,2,bkg,100
2499,2377.25,15,0,2,bkg,100
2500,2382.5,15,0,2,bkg,100
2501,2382.75,15,0,2,bkg,100
2502,2383.0,15,0,2,bkg,100
2503,2383.75,15,0,2,bkg,100
2504,2384.0,15,0,2,bkg,100
2505,2384.75,15,0,2,bkg,100
2506,2385.0,15,0,2,bkg,100
2507,2386.0,15,0,2,bkg,100
2508,2388.0,15,0,2,bkg,100
2509,2388.25,15,0,2,bkg,100
2510,2389.25,15,0,2,bkg,100
2511,2389.75,15,0,2,bkg,100
2512,2390.0,15,0,2,bkg,100
2513,2393.0,15,0,2,bkg,100
2514,2394.5,15,0,2,bkg,100
2515,2394.75,15,0,2,bkg,100
2516,2395.25,15,0,2,bkg,100
2517,2396.25,15,0,2,bkg,100
2518,2397.5,15,0,2,bkg,100
2519,2398.75,15,0,2,bkg,100
2520,2399.0,15,0,2,bkg,100
2521,2399.5,15,0,2,bkg,100
2522,2399.75,15,0,2,bkg,100
2523,2401.75,15,0,2,bkg,100
2524,2403.0,15,0,2,bkg,100
2525,2403.5,15,0,2,bkg,100
2526,2406.25,15,0,2,bkg,100
2527,2407.5,15,0,2,bkg,100
2528,2408.25,15,0,2,bkg,100
2529,2411.75,15,0,2,bkg,100
2530,2412.25,15,0,2,bkg,100
2531,2413.5,15,0,2,bkg,100
2532,2414.5,15,0,2,bkg,100
2533,2414.75,15,0,2,bkg,100
2534,2415.25,15,0,2,bkg,100
2535,2418.25,15,0,2,bkg,100
2536,2418.5,15,0,2,bkg,100
2537,2419.0,15,0,2,bkg,100
2538,2419.5,15,0,2,bkg,100
2539,2419.75,15,0,2,bkg,100
2540,2420.0,15,0,2,bkg,100
2541,2420.5,15,0,2,bkg,100
2542,2423.5,15,0,2,bkg,100
2543,2424.0,15,0,2,bkg,100
2544,2424.1383623628703,0,0,0,v1,478107198
2545,2425.75,15,0,2,bkg,100
2546,2426.75,15,0,2,bkg,100
2547,2428.0,15,0,2,bkg,100
2548,2429.5,15,0,2,bkg,100
2549,2429.75,15,0,2,bkg,100
2550,2430.0,15,0,2,bkg,100
2551,2431.25,15,0,2,bkg,100
2552,2433.25,15,0,2,bkg,100
2553,2435.5,15,0,2,bkg,100
2554,2437.0,15,0,2,bkg,100
2555,2437.5,15,0,2,bkg,100
2556,2438.0,15,0,2,bkg,100
2557,2439.25,15,0,2,bkg,100
2558,2442.25,15,0,2,bkg,100
2559,2443.5,15,0,2,bkg,100
2560,2444.0,15,0,2,bkg,100
2561,2444.5,15,0,2,bkg,100
2562,2447.0,15,0,2,bkg,100
2563,2447.25,15,0,2,bkg,100
2564,2448.25,15,0,2,bkg,100
2565,2449.0,15,0,2,bkg,100
2566,2449.75,15,0,2,bkg,100
2567,2450.5,15,0,2,bkg,100
2568,2451.75,15,0,2,bkg,100
2569,2452.0,15,0,2,bkg,100
2570,2456.0,15,0,2,bkg,100
2571,2456.25,15,0,2,bkg,100
2572,2456.5,15,0,2,bkg,100
2573,2457.25,15,0,2,bkg,100
2574,2459.75,15,0,2,bkg,100
2575,2460.25,15,0,2,bkg,100
2576,2461.0,15,0,2,bkg,100
2577,2461.25,15,0,2,bkg,100
2578,2462.0,15,0,2,bkg,100
2579,2464.0,15,0,2,bkg,100
2580,2464.75,15,0,2,bkg,100
2581,2465.25,15,0,2,bkg,100
2582,2466.0,15,0,2,bkg,100
2583,2468.75,15,0,2,bkg,100
2584,2469.5,15,0,2,bkg,100
2585,2470.25,15,0,2,bkg,100
2586,2470.75,15,0,2,bkg,100
2587,2471.75,15,0,2,bkg,100
2588,2473.0,15,0,2,bkg,100
2589,2473.25,15,0,2,bkg,100
2590,2473.75,15,0,2,bkg,100
2591,2474.0,15,0,2,bkg,100
2592,2475.0,15,0,2,bkg,100
2593,2475.25,15,0,2,bkg,100
2594,2476.25,15,0,2,bkg,100
2595,2476.677577916388,0,0,0,v1,478107198
2596,2477.75,15,0,2,bkg,100
2597,2479.25,15,0,2,bkg,100
2598,2479.5,15,0,2,bkg,100
2599,2479.75,15,0,2,bkg,100
2600,2480.25,15,0,2,bkg,100
2601,2483.5,15,0,2,bkg,100
2602,2484.0,15,0,2,bkg,100
2603,2486.0,15,0,2,bkg,100
2604,2489.25,15,0,2,bkg,100
2605,2490.25,15,0,2,bkg,100
2606,2491.75,15,0,2,bkg,100
2607,2492.75,15,0,2,bkg,100
2608,2494.75,15,0,2,bkg,100
2609,2495.5,15,0,2,bkg,100
2610,2495.75,15,0,2,bkg,100
2611,2497.0,15,0,2,bkg,100
2612,2497.5,15,0,2,bkg,100
2613,2498.0,15,0,2,bkg,100
2614,2498.75,15,0,2,bkg,100
2615,2499.5,15,0,2,bkg,100
2616,2502.25,15,0,2,bkg,100
2617,2504.0,15,0,2,bkg,100
2618,2504.25,15,0,2,bkg,100
2619,2507.0,15,0,2,bkg,100
2620,2507.25,15,0,2,bkg,100
2621,2508.25,15,0,2,bkg,100
2622,2508.75,15,0,2,bkg,100
2623,2509.75,15,0,2,bkg,100
2624,2510.0,15,0,2,bkg,100
2625,2511.75,15,0,2,bkg,100
2626,2512.0,15,0,2,bkg,100
2627,2513.5,15,0,2,bkg,100
2628,2514.0,15,0,2,bkg,100
2629,2514.75,15,0,2,bkg,100
2630,2515.25,15,0,2,bkg,100
2631,2516.5,15,0,2,bkg,100
2632,2517.5,15,0,2,bkg,100
2633,2517.75,15,0,2,bkg,100
2634,2518.0,15,0,2,bkg,100
2635,2518.25,15,0,2,bkg,100
2636,2518.75,15,0,2,bkg,100
2637,2520.7824977978944,0,0,0,v1,478107198
2638,2520.8457928456455,1,0,0,v1,475622793
2639,2521.75,15,0,2,bkg,100
2640,2522.25,15,0,2,bkg,100
2641,2523.5,15,0,2,bkg,100
2642,2524.0,15,0,2,bkg,100
2643,2524.25,15,0,2,bkg,100
2644,2525.25,15,0,2,bkg,100
2645,2526.25,15,0,2,bkg,100
2646,2527.0,15,0,2,bkg,100
2647,2527.25,15,0,2,bkg,100
2648,2527.75,15,0,2,bkg,100
2649,2528.0,15,0,2,bkg,100
2650,2529.25,15,0,2,bkg,100
2651,2529.75,15,0,2,bkg,100
2652,2531.25,15,0,2,bkg,100
2653,2532.75,15,0,2,bkg,100
2654,2536.0,15,0,2,bkg,100
2655,2536.75,15,0,2,bkg,100
2656,2537.25,15,0,2,bkg,100
2657,2538.25,15,0,2,bkg,100
2658,2539.75,15,0,2,bkg,100
2659,2541.5,15,0,2,bkg,100
2660,2542.0,15,0,2,bkg,100
2661,2542.25,15,0,2,bkg,100
2662,2543.5,15,0,2,bkg,100
2663,2543.75,15,0,2,bkg,100
2664,2545.0,15,0,2,bkg,100
2665,2545.5,15,0,2,bkg,100
2666,2546.25,15,0,2,bkg,100
2667,2546.75,15,0,2,bkg,100
2668,2547.5,15,0,2,bkg,100
2669,2548.25,15,0,2,bkg,100
2670,2548.5,15,0,2,bkg,100
2671,2551.5,15,0,2,bkg,100
2672,2552.0,15,0,2,bkg,100
2673,2552.75,15,0,2,bkg,100
2674,2553.75,15,0,2,bkg,100
2675,2555.25,15,0,2,bkg,100
2676,2555.5,15,0,2,bkg,100
2677,2557.25,15,0,2,bkg,100
2678,2557.75,15,0,2,bkg,100
2679,2558.0,15,0,2,bkg,100
2680,2558.5,15,0,2,bkg,100
2681,2558.75,15,0,2,bkg,100
2682,2559.0,15,0,2,bkg,100
2683,2559.5,15,0,2,bkg,100
2684,2560.0,15,0,2,bkg,100
2685,2561.602128475173,0,0,0,v1,478107198
2686,2561.6993738684937,1,0,0,v1,475622793
2687,2562.0,15,0,2,bkg,100
2688,2562.25,15,0,2,bkg,100
2689,2564.5,15,0,2,bkg,100
2690,2565.25,15,0,2,bkg,100
2691,2565.75,15,0,2,bkg,100
2692,2568.5,15,0,2,bkg,100
2693,2569.75,15,0,2,bkg,100
2694,2570.5,15,0,2,bkg,100
2695,2572.0,15,0,2,bkg,100
2696,2572.5,15,0,2,bkg,100
2697,2573.25,15,0,2,bkg,100
2698,2573.5,15,0,2,bkg,100
2699,2574.25,15,0,2,bkg,100
2700,2574.5,15,0,2,bkg,100
2701,2576.5,15,0,2,bkg,100
2702,2578.75,15,0,2,bkg,100
2703,2579.75,15,0,2,bkg,100
2704,2580.0,15,0,2,bkg,100
2705,2580.5,15,0,2,bkg,100
2706,2581.75,15,0,2,bkg,100
2707,2583.5,15,0,2,bkg,100
2708,2583.75,15,0,2,bkg,100
2709,2584.25,15,0,2,bkg,100
2710,2585.25,15,0,2,bkg,100
2711,2587.25,15,0,2,bkg,100
2712,2589.25,15,0,2,bkg,100
2713,2594.0,15,0,2,bkg,100
2714,2594.75,15,0,2,bkg,100
2715,2595.75,15,0,2,bkg,100
2716,2596.0,15,0,2,bkg,100
2717,2596.75,15,0,2,bkg,100
2718,2597.75,15,0,2,bkg,100
2719,2598.5,15,0,2,bkg,100
2720,2600.25,15,0,2,bkg,100
2721,2600.5,15,0,2,bkg,100
2722,2601.5,15,0,2,bkg,100
2723,2601.75,15,0,2,bkg,100
2724,2603.25,15,0,2,bkg,100
2725,2604.5,15,0,2,bkg,100
2726,2606.0,15,0,2,bkg,100
2727,2606.25,15,0,2,bkg,100
2728,2608.0,15,0,2,bkg,100
2729,2608.25,15,0,2,bkg,100
2730,2610.25,15,0,2,bkg,100
2731,2610.5,15,0,2,bkg,100
2732,2610.75,15,0,2,bkg,100
2733,2612.0,15,0,2,bkg,100
2734,2612.25,15,0,2,bkg,100
2735,2612.5,15,0,2,bkg,100
2736,2613.0,15,0,2,bkg,100
2737,2613.75,15,0,2,bkg,100
2738,2614.0,15,0,2,bkg,100
2739,2615.4770946997637,0,0,0,v1,478107198
2740,2615.5,15,0,2,bkg,100
2741,2617.25,15,0,2,bkg,100
2742,2617.5,15,0,2,bkg,100
2743,2618.25,15,0,2,bkg,100
2744,2619.75,15,0,2,bkg,100
2745,2620.5,15,0,2,bkg,100
2746,2621.0,15,0,2,bkg,100
2747,2622.0,15,0,2,bkg,100
2748,2622.25,15,0,2,bkg,100
2749,2622.75,15,0,2,bkg,100
2750,2623.0,15,0,2,bkg,100
2751,2623.75,15,0,2,bkg,100
2752,2624.25,15,0,2,bkg,100
2753,2624.5,15,0,2,bkg,100
2754,2626.5,15,0,2,bkg,100
2755,2626.66432112204,1,0,0,v1,475622793
2756,2627.75,15,0,2,bkg,100
2757,2628.25,15,0,2,bkg,100
2758,2629.0,15,0,2,bkg,100
2759,2629.25,15,0,2,bkg,100
2760,2630.0,15,0,2,bkg,100
2761,2630.5,15,0,2,bkg,100
2762,2631.75,15,0,2,bkg,100
2763,2633.0,15,0,2,bkg,100
2764,2633.75,15,0,2,bkg,100
2765,2634.0,15,0,2,bkg,100
2766,2636.25,15,0,2,bkg,100
2767,2637.75,15,0,2,bkg,100
2768,2638.0,15,0,2,bkg,100
2769,2638.25,15,0,2,bkg,100
2770,2638.5,15,0,2,bkg,100
2771,2641.25,15,0,2,bkg,100
2772,2642.5,15,0,2,bkg,100
2773,2642.75,15,0,2,bkg,100
2774,2644.0,15,0,2,bkg,100
2775,2644.25,15,0,2,bkg,100
2776,2645.25,15,0,2,bkg,100
2777,2646.75,15,0,2,bkg,100
2778,2647.0,15,0,2,bkg,100
2779,2650.75,15,0,2,bkg,100
2780,2651.5,15,0,2,bkg,100
2781,2652.0,15,0,2,bkg,100
2782,2652.75,15,0,2,bkg,100
2783,2656.0,15,0,2,bkg,100
2784,2657.0,15,0,2,bkg,100
2785,2657.25,15,0,2,bkg,100
2786,2658.5,15,0,2,bkg,100
2787,2659.5,15,0,2,bkg,100
2788,2660.25,15,0,2,bkg,100
2789,2661.75,15,0,2,bkg,100
2790,2662.75,15,0,2,bkg,100
2791,2663.25,15,0,2,bkg,100
2792,2665.5,15,0,2,bkg,100
2793,2666.0,15,0,2,bkg,100
2794,2666.25,15,0,2,bkg,100
2795,2666.5,15,0,2,bkg,100
2796,2667.75,15,0,2,bkg,100
2797,2668.25,15,0,2,bkg,100
2798,2669.25,15,0,2,bkg,100
2799,2670.75,15,0,2,bkg,100
2800,2672.0,15,0,2,bkg,100
2801,2673.0,15,0,2,bkg,100
2802,2673.25,15,0,2,bkg,100
2803,2673.75,15,0,2,bkg,100
2804,2673.8353006713965,0,0,0,v1,478107198
2805,2675.0,15,0,2,bkg,100
2806,2676.25,15,0,2,bkg,100
2807,2678.0,15,0,2,bkg,100
2808,2678.5,15,0,2,bkg,100
2809,2679.75,15,0,2,bkg,100
2810,2680.0,15,0,2,bkg,100
2811,2681.75,15,0,2,bkg,100
2812,2683.5,15,0,2,bkg,100
2813,2684.0,15,0,2,bkg,100
2814,2684.25,15,0,2,bkg,100
2815,2684.75,15,0,2,bkg,100
2816,2685.0,15,0,2,bkg,100
2817,2685.75,15,0,2,bkg,100
2818,2686.25,15,0,2,bkg,100
2819,2686.75,15,0,2,bkg,100
2820,2689.5,15,0,2,bkg,100
2821,2690.0,15,0,2,bkg,100
2822,2691.0,15,0,2,bkg,100
2823,2692.5,15,0,2,bkg,100
2824,2693.5,15,0,2,bkg,100
2825,2694.75,15,0,2,bkg,100
2826,2695.75,15,0,2,bkg,100
2827,2696.5,15,0,2,bkg,100
2828,2697.75,15,0,2,bkg,100
2829,2699.75,15,0,2,bkg,100
2830,2700.0,15,0,2,bkg,100
2831,2700.5,15,0,2,bkg,100
2832,2701.25,15,0,2,bkg,100
2833,2701.5,15,0,2,bkg,100
2834,2702.75,15,0,2,bkg,100
2835,2703.25,15,0,2,bkg,100
2836,2705.5,15,0,2,bkg,100
2837,2705.75,15,0,2,bkg,100
2838,2708.5,15,0,2,bkg,100
2839,2710.0,15,0,2,bkg,100
2840,2710.75,15,0,2,bkg,100
2841,2711.0,15,0,2,bkg,100
2842,2711.25,15,0,2,bkg,100
2843,2714.25,15,0,2,bkg,100
2844,2714.5,15,0,2,bkg,100
2845,2715.5,15,0,2,bkg,100
2846,2715.75,15,0,2,bkg,100
2847,2716.0,15,0,2,bkg,100
2848,2716.5,15,0,2,bkg,100
2849,2717.5,15,0,2,bkg,100
2850,2717.75,15,0,2,bkg,100
2851,2718.0,15,0,2,bkg,100
2852,2718.75,15,0,2,bkg,100
2853,2719.8424150348533,0,0,0,v1,478107198
2854,2721.0,15,0,2,bkg,100
2855,2721.469396052417,1,0,0,v1,475622793
2856,2721.5,15,0,2,bkg,100
2857,2723.0,15,0,2,bkg,100
2858,2723.75,15,0,2,bkg,100
2859,2724.5,15,0,2,bkg,100
2860,2725.5,15,0,2,bkg,100
2861,2725.75,15,0,2,bkg,100
2862,2726.0,15,0,2,bkg,100
2863,2726.75,15,0,2,bkg,100
2864,2729.0,15,0,2,bkg,100
2865,2729.5,15,0,2,bkg,100
2866,2730.0,15,0,2,bkg,100
2867,2730.75,15,0,2,bkg,100
2868,2731.0,15,0,2,bkg,100
2869,2731.75,15,0,2,bkg,100
2870,2732.0,15,0,2,bkg,100
2871,2734.25,15,0,2,bkg,100
2872,2736.0,15,0,2,bkg,100
2873,2736.5,15,0,2,bkg,100
2874,2737.5,15,0,2,bkg,100
2875,2738.5,15,0,2,bkg,100
2876,2740.25,15,0,2,bkg,100
2877,2740.5,15,0,2,bkg,100
2878,2741.0,15,0,2,bkg,100
2879,2741.25,15,0,2,bkg,100
2880,2741.75,15,0,2,bkg,100
2881,2743.25,15,0,2,bkg,100
2882,2744.5,15,0,2,bkg,100
2883,2745.75,15,0,2,bkg,100
2884,2746.0,15,0,2,bkg,100
2885,2746.25,15,0,2,bkg,100
2886,2748.25,15,0,2,bkg,100
2887,2750.0,15,0,2,bkg,100
2888,2751.0,15,0,2,bkg,100
2889,2753.25,15,0,2,bkg,100
2890,2754.25,15,0,2,bkg,100
2891,2756.0,15,0,2,bkg,100
2892,2756.25,15,0,2,bkg,100
2893,2757.75,15,0,2,bkg,100
2894,2758.25,15,0,2,bkg,100
2895,2759.75,15,0,2,bkg,100
2896,2760.0,15,0,2,bkg,100
2897,2761.75,15,0,2,bkg,100
2898,2762.25,15,0,2,bkg,100
2899,2762.5,15,0,2,bkg,100
2900,2763.0,15,0,2,bkg,100
2901,2765.0,15,0,2,bkg,100
2902,2765.75,15,0,2,bkg,100
2903,2767.0,15,0,2,bkg,100
2904,2768.0,15,0,2,bkg,100
2905,2771.0,15,0,2,bkg,100
2906,2771.5,15,0,2,bkg,100
2907,2774.0,15,0,2,bkg,100
2908,2774.5,15,0,2,bkg,100
2909,2775.0,15,0,2,bkg,100
2910,2775.25,15,0,2,bkg,100
2911,2776.75,15,0,2,bkg,100
2912,2777.25,15,0,2,bkg,100
2913,2778.0817600819423,0,0,0,v1,478107198
2914,2779.0,15,0,2,bkg,100
2915,2779.5,15,0,2,bkg,100
2916,2780.0,15,0,2,bkg,100
2917,2780.25,15,0,2,bkg,100
2918,2781.25,15,0,2,bkg,100
2919,2782.75,15,0,2,bkg,100
2920,2784.25,15,0,2,bkg,100
2921,2785.25,15,0,2,bkg,100
2922,2786.0,15,0,2,bkg,100
2923,2786.25,15,0,2,bkg,100
2924,2788.25,15,0,2,bkg,100
2925,2789.0,15,0,2,bkg,100
2926,2789.5,15,0,2,bkg,100
2927,2790.75,15,0,2,bkg,100
2928,2792.25,15,0,2,bkg,100
2929,2792.5,15,0,2,bkg,100
2930,2794.75,15,0,2,bkg,100
2931,2795.0,15,0,2,bkg,100
2932,2795.75,15,0,2,bkg,100
2933,2797.25,15,0,2,bkg,100
2934,2797.5,15,0,2,bkg,100
2935,2798.75,15,0,2,bkg,100
2936,2802.0,15,0,2,bkg,100
2937,2802.25,15,0,2,bkg,100
2938,2803.0,15,0,2,bkg,100
2939,2804.5,15,0,2,bkg,100
2940,2805.25,15,0,2,bkg,100
2941,2805.5,15,0,2,bkg,100
2942,2806.25,15,0,2,bkg,100
2943,2809.25,15,0,2,bkg,100
2944,2809.5,15,0,2,bkg,100
2945,2810.5,15,0,2,bkg,100
2946,2812.25,15,0,2,bkg,100
2947,2812.75,15,0,2,bkg,100
2948,2814.25,15,0,2,bkg,100
2949,2814.75,15,0,2,bkg,100
2950,2815.5,15,0,2,bkg,100
2951,2816.25,15,0,2,bkg,100
2952,2818.75,15,0,2,bkg,100
2953,2819.5,15,0,2,bkg,100
2954,2822.25,15,0,2,bkg,100
2955,2822.75,15,0,2,bkg,100
2956,2824.25,15,0,2,bkg,100
2957,2825.0,15,0,2,bkg,100
2958,2825.5,15,0,2,bkg,100
2959,2828.0,15,0,2,bkg,100
2960,2829.75,15,0,2,bkg,100
2961,2830.25,15,0,2,bkg,100
2962,2830.5,15,0,2,bkg,100
2963,2830.75,15,0,2,bkg,100
2964,2831.25,15,0,2,bkg,100
2965,2832.0,15,0,2,bkg,100
2966,2832.25,15,0,2,bkg,100
2967,2833.5,15,0,2,bkg,100
2968,2834.3815305022226,0,0,0,v1,478107198
2969,2835.25,15,0,2,bkg,100
2970,2835.75,15,0,2,bkg,100
2971,2837.5,15,0,2,bkg,100
2972,2837.75,15,0,2,bkg,100
2973,2839.0,15,0,2,bkg,100
2974,2839.5,15,0,2,bkg,100
2975,2842.5,15,0,2,bkg,100
2976,2844.25,15,0,2,bkg,100
2977,2844.5,15,0,2,bkg,100
2978,2845.25,15,0,2,bkg,100
2979,2845.5,15,0,2,bkg,100
2980,2848.0,15,0,2,bkg,100
2981,2849.5,15,0,2,bkg,100
2982,2850.25,15,0,2,bkg,100
2983,2850.5,15,0,2,bkg,100
2984,2851.75,15,0,2,bkg,100
2985,2853.25,15,0,2,bkg,100
2986,2854.25,15,0,2,bkg,100
2987,2854.75,15,0,2,bkg,100
2988,2856.25,15,0,2,bkg,100
2989,2858.0,15,0,2,bkg,100
2990,2858.75,15,0,2,bkg,100
2991,2859.0,15,0,2,bkg,100
2992,2859.75,15,0,2,bkg,100
2993,2860.25,15,0,2,bkg,100
2994,2860.5,15,0,2,bkg,100
2995,2863.0,15,0,2,bkg,100
2996,2865.75,15,0,2,bkg,100
2997,2866.0,15,0,2,bkg,100
2998,2866.25,15,0,2,bkg,100
2999,2866.75,15,0,2,bkg,100
3000,2868.25,15,0,2,bkg,100
3001,2869.75,15,0,2,bkg,100
3002,2870.0,15,0,2,bkg,100
3003,2871.5,15,0,2,bkg,100
3004,2872.0,15,0,2,bkg,100
3005,2872.75,15,0,2,bkg,100
3006,2873.0,15,0,2,bkg,100
3007,2873.5,15,0,2,bkg,100
3008,2874.5,15,0,2,bkg,100
3009,2875.75,15,0,2,bkg,100
3010,2876.139020608252,0,0,0,v1,478107198
3011,2876.75,15,0,2,bkg,100
3012,2879.5,15,0,2,bkg,100
3013,2882.25,15,0,2,bkg,100
3014,2883.75,15,0,2,bkg,100
3015,2886.0,15,0,2,bkg,100
3016,2887.0,15,0,2,bkg,100
3017,2887.5,15,0,2,bkg,100
3018,2891.25,15,0,2,bkg,100
3019,2891.75,15,0,2,bkg,100
3020,2892.75,15,0,2,bkg,100
3021,2896.0,15,0,2,bkg,100
3022,2897.25,15,0,2,bkg,100
3023,2899.0,15,0,2,bkg,100
3024,2899.5,15,0,2,bkg,100
3025,2900.75,15,0,2,bkg,100
3026,2901.25,15,0,2,bkg,100
3027,2901.75,15,0,2,bkg,100
3028,2903.0,15,0,2,bkg,100
3029,2904.25,15,0,2,bkg,100
3030,2904.5,15,0,2,bkg,100
3031,2904.75,15,0,2,bkg,100
3032,2905.5,15,0,2,bkg,100
3033,2906.75,15,0,2,bkg,100
3034,2909.0,15,0,2,bkg,100
3035,2909.5,15,0,2,bkg,100
3036,2910.25,15,0,2,bkg,100
3037,2910.5,15,0,2,bkg,100
3038,2911.0,15,0,2,bkg,100
3039,2911.25,15,0,2,bkg,100
3040,2911.75,15,0,2,bkg,100
3041,2913.0,15,0,2,bkg,100
3042,2913.75,15,0,2,bkg,100
3043,2914.1599049968954,1,0,0,v1,475622793
3044,2914.5,15,0,2,bkg,100
3045,2914.9636854651353,0,0,0,v1,478107198
3046,2915.75,15,0,2,bkg,100
3047,2917.0,15,0,2,bkg,100
3048,2919.5,15,0,2,bkg,100
3049,2919.75,15,0,2,bkg,100
3050,2920.0,15,0,2,bkg,100
3051,2920.75,15,0,2,bkg,100
3052,2921.25,15,0,2,bkg,100
3053,2921.75,15,0,2,bkg,100
3054,2922.25,15,0,2,bkg,100
3055,2922.75,15,0,2,bkg,100
3056,2924.0,15,0,2,bkg,100
3057,2924.75,15,0,2,bkg,100
3058,2925.75,15,0,2,bkg,100
3059,2926.5,15,0,2,bkg,100
3060,2926.75,15,0,2,bkg,100
3061,2927.5,15,0,2,bkg,100
3062,2928.0,15,0,2,bkg,100
3063,2929.25,15,0,2,bkg,100
3064,2931.25,15,0,2,bkg,100
3065,2931.75,15,0,2,bkg,100
3066,2932.5,15,0,2,bkg,100
3067,2933.0,15,0,2,bkg,100
3068,2934.5,15,0,2,bkg,100
3069,2935.25,15,0,2,bkg,100
3070,2935.5,15,0,2,bkg,100
3071,2937.25,15,0,2,bkg,100
3072,2937.5,15,0,2,bkg,100
3073,2937.75,15,0,2,bkg,100
3074,2938.5,15,0,2,bkg,100
3075,2939.25,15,0,2,bkg,100
3076,2940.0,15,0,2,bkg,100
3077,2940.25,15,0,2,bkg,100
3078,2941.25,15,0,2,bkg,100
3079,2942.0,15,0,2,bkg,100
3080,2942.5,15,0,2,bkg,100
3081,2942.75,15,0,2,bkg,100
3082,2943.25,15,0,2,bkg,100
3083,2945.363706711489,0,0,0,v1,478107198
3084,2945.75,15,0,2,bkg,100
3085,2946.0,15,0,2,bkg,100
3086,2949.0,15,0,2,bkg,100
3087,2949.75,15,0,2,bkg,100
3088,2950.0,15,0,2,bkg,100
3089,2950.25,15,0,2,bkg,100
3090,2951.75,15,0,2,bkg,100
3091,2953.25,15,0,2,bkg,100
3092,2954.25,15,0,2,bkg,100
3093,2954.75,15,0,2,bkg,100
3094,2956.0,15,0,2,bkg,100
3095,2957.5,15,0,2,bkg,100
3096,2959.5,15,0,2,bkg,100
3097,2961.0,15,0,2,bkg,100
3098,2962.75,15,0,2,bkg,100
3099,2964.5,15,0,2,bkg,100
3100,2965.0,15,0,2,bkg,100
3101,2967.75,15,0,2,bkg,100
3102,2968.0,15,0,2,bkg,100
3103,2968.25,15,0,2,bkg,100
3104,2969.0,15,0,2,bkg,100
3105,2970.0,15,0,2,bkg,100
3106,2970.5,15,0,2,bkg,100
3107,2972.75,15,0,2,bkg,100
3108,2973.75,15,0,2,bkg,100
3109,2974.0,15,0,2,bkg,100
3110,2976.0,15,0,2,bkg,100
3111,2979.25,15,0,2,bkg,100
3112,2981.0,15,0,2,bkg,100
3113,2981.25,15,0,2,bkg,100
3114,2982.75,15,0,2,bkg,100
3115,2983.25,15,0,2,bkg,100
3116,2985.0,15,0,2,bkg,100
3117,2986.5,15,0,2,bkg,100
3118,2987.0,15,0,2,bkg,100
3119,2988.0,15,0,2,bkg,100
3120,2988.75,15,0,2,bkg,100
3121,2989.25,15,0,2,bkg,100
3122,2989.75,15,0,2,bkg,100
3123,2990.0,15,0,2,bkg,100
3124,2990.75,15,0,2,bkg,100
3125,2991.0,15,0,2,bkg,100
3126,2993.5,15,0,2,bkg,100
3127,2993.75,15,0,2,bkg,100
3128,2994.5,15,0,2,bkg,100
3129,2995.25,15,0,2,bkg,100
3130,2996.5,15,0,2,bkg,100
3131,2997.25,15,0,2,bkg,100
3132,2997.75,15,0,2,bkg,100
3133,2998.5,15,0,2,bkg,100
3134,2999.5,15,0,2,bkg,100
3135,2999.7440021288967,0,0,0,v1,478107198
